path,sha256,pre_existing_at_section9,byte_identical_if_pre_existing
v2/pipeline/data/raw/m4b-douglas-water-tiled/douglas-co-flowline-pages/request-0001-1.json,1fb7bd06167951f44e7063a85db1231ddd9458e02766373798285ce26f44b53d,True,True
v2/pipeline/data/raw/m4b-douglas-water-tiled/douglas-co-flowline-pages/request-0002-1.json,06521e5fbb0248e71e423a2e3497e032bf91459914ad41e4000d260bcb146c1a,True,True
v2/pipeline/data/raw/m4b-douglas-water-tiled/douglas-co-flowline-pages/request-0003-1.json,620e8310ea493740571413101ef581952735b4247fcfe1ea8ea52e5a6eccfa43,True,True
v2/pipeline/data/raw/m4b-douglas-water-tiled/douglas-co-flowline-pages/request-0004-1.json,202cd18fd736b003b1e02b8a890ff3f4919188fe739276713bb7cc6a6fa3d7ff,True,True
v2/pipeline/data/raw/m4b-douglas-water-tiled/douglas-co-flowline-pages/request-0005-1.json,aeff50886a5dc6f677ed08bf64fb09c67df0b36c8b502a56454c3e0890db6978,True,True
v2/pipeline/data/raw/m4b-douglas-water-tiled/douglas-co-flowline-pages/request-0006-1.json,49688b80f08e5ad2cdca73da3e603b82429a88d027a942eeb75cfa1de216fa16,True,True
v2/pipeline/data/raw/m4b-douglas-water-tiled/douglas-co-flowline-pages/request-0007-1.json,27dc27dfb4210bbee3cb96bc7b121a880a81c8459d9da0ecbdd78c5e4cc8d901,True,True
v2/pipeline/data/raw/m4b-douglas-water-tiled/douglas-co-flowline-pages/request-0008-1.json,55159b68fce609fe9307163ed34fa6c493d4694b8a85230ba6e8fd87289f6c24,True,True
v2/pipeline/data/raw/m4b-douglas-water-tiled/douglas-co-flowline-pages/request-0009-1.json,59041c81ac050f9b905a77776c13dbd5592b6927d6ae4e4bab0f85b0c4fa147f,True,True
v2/pipeline/data/raw/m4b-douglas-water-tiled/douglas-co-flowline-pages/request-0010-1.json,4bbfc3d41e66429d1c8f8715df61607b1a320ee7e23f5d5f0aed0cd79d58bb24,True,True
v2/pipeline/data/raw/m4b-douglas-water-tiled/douglas-co-flowline-pages/request-0011-1.json,2410e7eb79bdff566686b31933661420106cc708fe698070e096cf0040fef5a0,True,True
v2/pipeline/data/raw/m4b-douglas-water-tiled/douglas-co-flowline-pages/request-0012-1.json,7fa8b26e7b6e594ca7c4591ffb46c7a7be995abb14e649a5ba7edf6b4e97b623,True,True
v2/pipeline/data/raw/m4b-douglas-water-tiled/douglas-co-flowline-pages/request-0013-1.json,5cf1577214a8986152cafdf8ff7ab5c96c8993634e70e688778feec851656ee2,True,True
v2/pipeline/data/raw/m4b-douglas-water-tiled/douglas-co-flowline-pages/request-0014-1.json,5e05664269a29a4058c802caf6669fcc8a5e2e5826ab4eb551fc51c60812108c,True,True
v2/pipeline/data/raw/m4b-douglas-water-tiled/douglas-co-flowline-pages/request-0015-1.json,a81fdab6a8449f8fa942847a61d7adcca667c007621d0d187e5c58cc545c137f,True,True
v2/pipeline/data/raw/m4b-douglas-water-tiled/douglas-co-flowline-pages/request-0016-1.json,e07a5748fb369ea4e6764d0c5ee0927b41214db11454ed00bc9543aa09ebb66c,True,True
v2/pipeline/data/raw/m4b-douglas-water-tiled/douglas-co-flowline-pages/request-0017-1.json,08f5a1e39648d84d9f2697b01953fc9f17c8a5276770aeecfc799d4000456a4f,True,True
v2/pipeline/data/raw/m4b-douglas-water-tiled/douglas-co-flowline-pages/request-0018-1.json,fd45f40dc63457a3f5a9f656f8df6f752bdfabb38c3af7a571ace99e3aa69564,True,True
v2/pipeline/data/raw/m4b-douglas-water-tiled/douglas-co-flowline-pages/request-0019-1.json,eba11444b9f6a88c27d18d485675f3bd4ebf3207d2feb826d2555a53a9c4a887,True,True
v2/pipeline/data/raw/m4b-douglas-water-tiled/douglas-co-flowline-pages/request-0020-1.json,5d22a7b0787071d30df7a3fd40f37adca9d2f540e0dc67eda2f83f29f891c7be,True,True
v2/pipeline/data/raw/m4b-douglas-water-tiled/douglas-co-flowline-pages/request-0021-1.json,bc01396561f2a02b6eb65ff2917525112c552a65647dc6b67685478d80f41e73,True,True
v2/pipeline/data/raw/m4b-douglas-water-tiled/douglas-co-flowline-pages/request-0022-1.json,07422f67592bc48ac7fa08c25ca9baa896e66ec637229ecec7cea2889ddb4773,True,True
v2/pipeline/data/raw/m4b-douglas-water-tiled/douglas-co-flowline-pages/request-0023-1.json,3bb07051c11ba6fdd7298774f2c4cd19f612e9af8cb28c05895a797ece0ecae4,True,True
v2/pipeline/data/raw/m4b-douglas-water-tiled/douglas-co-flowline-pages/request-0024-1.json,04f71729cea72fd5156ca091640a25bcd7a44dcf5249a315ff496b4afe4e4fdc,True,True
v2/pipeline/data/raw/m4b-douglas-water-tiled/douglas-co-flowline-pages/request-0025-1.json,637dca079b84f2c99a56b9d1760c2523a582851cb78fecc049b8defb435b6f0a,True,True
v2/pipeline/data/raw/m4b-douglas-water-tiled/douglas-co-flowline-pages/request-0026-1.json,ce3581054480b221ee6d1d3abc7657bc202aa4e64dde6a18737d98c333c424d2,True,True
v2/pipeline/data/raw/m4b-douglas-water-tiled/douglas-co-flowline-pages/request-0027-1.json,9e3d9de2daa200f06575fdff71a5e58abd4c9ef9b58fdce9a02e7299f8de76e5,True,True
v2/pipeline/data/raw/m4b-douglas-water-tiled/douglas-co-flowline-pages/request-0028-1.json,b9cf6f088804ba7effa718823a892f3c0a8eb71ae4f74b8d57b9b23dd0f1e473,True,True
v2/pipeline/data/raw/m4b-douglas-water-tiled/douglas-co-flowline-pages/request-0029-1.json,487295611fcb5b4a2b329a6d23e3fef40c7ec33a80c11983db66ad3ec5dbee07,True,True
v2/pipeline/data/raw/m4b-douglas-water-tiled/douglas-co-flowline-pages/request-0030-1.json,96c870abd38483284723dae99573e6d14484dfc1a24cbf94746a73c0aca97afc,True,True
v2/pipeline/data/raw/m4b-douglas-water-tiled/douglas-co-flowline-pages/request-0031-1.json,38c0eb1dc15e9532f14886741c1a5eb9e858d424cb5e81b7aa6a13b6ceaccc5b,True,True
v2/pipeline/data/raw/m4b-douglas-water-tiled/douglas-co-flowline-pages/request-0032-1.json,0101edec300296d5257e78df871f13ba62832af04c2153f976170878ca3cf86c,True,True
v2/pipeline/data/raw/m4b-douglas-water-tiled/douglas-co-flowline-pages/request-0033-1.json,5c50de545bf0b38c5642ca99688aaf460d87619b1f1ef51de8c1eed56d375232,True,True
v2/pipeline/data/raw/m4b-douglas-water-tiled/douglas-co-flowline-pages/request-0034-1.json,c6aa81fdfcffc0bcc92557b99200e1da8fec6e73ea8a219f8388ba0645ea1af6,True,True
v2/pipeline/data/raw/m4b-douglas-water-tiled/douglas-co-flowline-pages/request-0035-1.json,cc0dfc33505f957a010c428ea58dd1b0d36b789bd9141145c77b7cb677c7531b,True,True
v2/pipeline/data/raw/m4b-douglas-water-tiled/douglas-co-flowline-pages/request-0036-1.json,fb116705a90b0db9297e48a8f5e828eabe18ad662f37f38b8c9d9ec2080af97e,True,True
v2/pipeline/data/raw/m4b-douglas-water-tiled/douglas-co-flowline-pages/request-0037-1.json,7e3f244430c521de086a749926a03df2afd4406f4453c81aa84f21e61c87e5f1,True,True
v2/pipeline/data/raw/m4b-douglas-water-tiled/douglas-co-flowline-pages/request-0038-1.json,3af3bc2331a99c10eb7155503c9c6dfc8e20e14f160e6a308768fb721e5f4674,True,True
v2/pipeline/data/raw/m4b-douglas-water-tiled/douglas-co-flowline-pages/request-0039-1.json,1df202c2903696b07c0a4843c74235d217fe27c049a147acd88c7e436c4738e4,True,True
v2/pipeline/data/raw/m4b-douglas-water-tiled/douglas-co-flowline-pages/request-0040-1.json,8c576b32e1315b3f40c058d8b054fcd66a9e572c2ba4219ab249a5418f1196c7,True,True
v2/pipeline/data/raw/m4b-douglas-water-tiled/douglas-co-flowline-pages/request-0041-1.json,a3159ea9776e0f8d947b087a7edf3637ba92e0f93f4833d448831f9a74a15d47,True,True
v2/pipeline/data/raw/m4b-douglas-water-tiled/douglas-co-flowline-pages/request-0042-1.json,4bed0fa21966e4bcf5b8ffc0b0e4fb7a997ed10e6b7233c3d72c9b9c324fec24,True,True
v2/pipeline/data/raw/m4b-douglas-water-tiled/douglas-co-flowline-pages/request-0043-1.json,9f2a71ca217aad76e8a76d3f4fbdccbac3e76b6a9b656d11a75bcbe6ba5e7381,True,True
v2/pipeline/data/raw/m4b-douglas-water-tiled/douglas-co-flowline-pages/request-0044-1.json,dfb287303aa1a500bcaa5d4302b80aaf6cff1b656fd94e2049b5ccfab45a82c8,True,True
v2/pipeline/data/raw/m4b-douglas-water-tiled/douglas-co-flowline-pages/request-0045-1.json,ea566a62c49020b76d85553c78f467a3ba126c21d7d58f49077ac3aa760a4507,True,True
v2/pipeline/data/raw/m4b-douglas-water-tiled/douglas-co-flowline-pages/request-0046-1.json,d2641f2b28a3ce6f55dcd5fe40329915433a40ac1976641ce584f2945f8c95c1,True,True
v2/pipeline/data/raw/m4b-douglas-water-tiled/douglas-co-flowline-pages/request-0047-1.json,581edebd1db2265cfc18aa20122ff8c258599d6d8c19f497e4e3b11255448f7a,True,True
v2/pipeline/data/raw/m4b-douglas-water-tiled/douglas-co-flowline-pages/request-0048-1.json,5ccba6a21ea44c814445e7aa00f389b25bfb2a14ae4cd9202e9eecf3f8eb2eb7,True,True
v2/pipeline/data/raw/m4b-douglas-water-tiled/douglas-co-flowline-pages/request-0049-1.json,01faa22f69b13a72a7f10435c28f983a3f20c8139a5b16126304c71de7e23713,True,True
v2/pipeline/data/raw/m4b-douglas-water-tiled/douglas-co-flowline-pages/request-0050-1.json,e91bd0ededb81f0c913ba392955cb79ed1fa1a3cc53ebb032d908f37abf96019,True,True
v2/pipeline/data/raw/m4b-douglas-water-tiled/douglas-co-flowline-pages/request-0051-1.json,5c58f35d62f08dd313c0c4db5d0782f8cc576390d3f52e0f7787ac28832073e2,True,True
v2/pipeline/data/raw/m4b-douglas-water-tiled/douglas-co-flowline-pages/request-0052-1.json,36f092fccc10eb16ddd3cc27309e98bb2236e1b482d335ecca169d56f66db275,True,True
v2/pipeline/data/raw/m4b-douglas-water-tiled/douglas-co-flowline-pages/request-0052-2.json,4a574a0c816f19e2edf869bcb20a44ccf3b4a465949856a10a5c0d7aecf1c440,True,True
v2/pipeline/data/raw/m4b-douglas-water-tiled/douglas-co-flowline-pages/request-0053-1.json,a3e590a99c79ec63209e83577bdb51bbb31af502fd083806d530f88dcdb1c3d5,True,True
v2/pipeline/data/raw/m4b-douglas-water-tiled/douglas-co-flowline-pages/request-0053-2.json,eb9229f480e7d87445195468c0ac033703f8884f3c307f2228c313e0090c4ea2,True,True
v2/pipeline/data/raw/m4b-douglas-water-tiled/douglas-co-flowline-pages/request-0054-1.json,4dc87afbf611e5709847b23b0db6927afc8e216979ee23aa3ee4fc8946f31fe7,True,True
v2/pipeline/data/raw/m4b-douglas-water-tiled/douglas-co-flowline-pages/request-0055-1.json,f331b4991f05cad79119e139eda1a8720cc77eaec5a6df653e501a9008ff0401,True,True
v2/pipeline/data/raw/m4b-douglas-water-tiled/douglas-co-flowline-pages/request-0056-1.json,f3673657f0cd6587cca466506dd825038883cceffadbc9c9613142650e16b812,True,True
v2/pipeline/data/raw/m4b-douglas-water-tiled/douglas-co-flowline-pages/request-0056-2.json,c06e218e5bc5d00c732db8f096b3aa715efa9191a644aec7865b60a74c0e06f2,True,True
v2/pipeline/data/raw/m4b-douglas-water-tiled/douglas-co-flowline-pages/request-0056-3.json,8327c15d99a9ff9dc028629c61fc1baa57f7477fd5f5c2d2cbeeb3cdd32b20b3,False,not applicable
v2/pipeline/data/raw/m4b-douglas-water-tiled/douglas-co-flowline-pages/request-0056-4.json,8da88546d252ffc5f6bee8adf973a0f51a688f33de1e9633f3dc870dac42e0ba,False,not applicable
v2/pipeline/data/raw/m4b-douglas-water-tiled/douglas-co-flowline-pages/request-0057-1.json,b0752e6418c51f4215d8a03eca585bf71598ceeb235669e6484bb23d20aa4a9b,False,not applicable
v2/pipeline/data/raw/m4b-douglas-water-tiled/douglas-co-flowline-pages/request-0058-1.json,eb64c6c6d410fc0750fd07223557cf4db2590f6a59a2ce75e764c954280351ed,False,not applicable
v2/pipeline/data/raw/m4b-douglas-water-tiled/douglas-co-flowline-pages/request-0059-1.json,0ebbed62885bec17ac1f552db0e900038d87443384dee5ca3638bec662d78b42,False,not applicable
v2/pipeline/data/raw/m4b-douglas-water-tiled/douglas-co-flowline-pages/request-0060-1.json,87b423a5c5ab41ceaf19881959e4e1b7b88d8b76455506fa3ee5afd734e788b6,False,not applicable
v2/pipeline/data/raw/m4b-douglas-water-tiled/douglas-co-flowline-pages/request-0061-1.json,665480f01bfb9dab0445ebb69ea1ce52c34bd826170cc5a7fdaa698a86259e66,False,not applicable
v2/pipeline/data/raw/m4b-douglas-water-tiled/douglas-co-flowline-pages/request-0062-1.json,a90b59160c23b9bd709a004b9437287afe95ec21a872e33479b6f54af095fb76,False,not applicable
v2/pipeline/data/raw/m4b-douglas-water-tiled/douglas-co-flowline-pages/request-0062-2.json,ca1dfd7a87db222371edc2bc4f0cdf43bc03ce97b4f2ff9c0129362ab22cb41f,False,not applicable
v2/pipeline/data/raw/m4b-douglas-water-tiled/douglas-co-flowline-pages/request-0063-1.json,8ea638e1b93038c991c9b010e212fac80acfc651111efa9ce109fecff1ee0f02,False,not applicable
v2/pipeline/data/raw/m4b-douglas-water-tiled/douglas-co-flowline-pages/request-0064-1.json,3b36f209405d59691af67762c48357d2d3ea703226c8c054efeb9db2880f09b1,False,not applicable
v2/pipeline/data/raw/m4b-douglas-water-tiled/douglas-co-flowline-pages/request-0065-1.json,6823f6a4b9b4a57a1173e56a39a4a5643a2c2b407245d18f9524fe62679840a7,False,not applicable
v2/pipeline/data/raw/m4b-douglas-water-tiled/douglas-co-flowline-pages/request-0065-2.json,5b53f90be9aac3b83090151c0c0c9c946b70fce03017a618ed5678df3d24f482,False,not applicable
v2/pipeline/data/raw/m4b-douglas-water-tiled/douglas-co-flowline-pages/request-0066-1.json,4365b84759d7d36956032d8018dd1ceb0bd69bf579c3309942b6f56011eed985,False,not applicable
v2/pipeline/data/raw/m4b-douglas-water-tiled/douglas-co-flowline-pages/request-0067-1.json,39186803b07461f6f0d9c67121cd5dd7fbae7506f6d098123c5e1768f81a0601,False,not applicable
v2/pipeline/data/raw/m4b-douglas-water-tiled/douglas-co-flowline-pages/request-0068-1.json,5d60aa861052933c0a13090c37e3686da0b2533bb0dc999d38f8d119c1bf2a99,False,not applicable
v2/pipeline/data/raw/m4b-douglas-water-tiled/douglas-co-flowline-pages/request-0069-1.json,4e3c2bdcb449d39fc7c37bbaf8b54b7e2bab4eef1fffc7f5d4f895286e80a6ef,False,not applicable
v2/pipeline/data/raw/m4b-douglas-water-tiled/douglas-co-flowline-pages/request-0070-1.json,89c39b833a81faafc42a6bbe2708f5931f96625e507634cc7238f9fdec9df27c,False,not applicable
v2/pipeline/data/raw/m4b-douglas-water-tiled/douglas-co-flowline-pages/request-0071-1.json,eac94b61808e8c5843d38e658711f005cfe44971887234557b5daac052645c82,False,not applicable
v2/pipeline/data/raw/m4b-douglas-water-tiled/douglas-co-flowline-pages/request-0072-1.json,a13cca8ae1462f16cd2e07eda07434722dd1dd24914dac8166fb15f0845112b8,False,not applicable
v2/pipeline/data/raw/m4b-douglas-water-tiled/douglas-co-flowline-pages/request-0073-1.json,80e37a3b86f4a1091fba201dee22d0a2e4a79b00a9a228c9fd3306d927072f5a,False,not applicable
v2/pipeline/data/raw/m4b-douglas-water-tiled/douglas-co-flowline-pages/request-0074-1.json,022901a424c118ec037c46f694aba6020a96190be9d553ac789b97994fcb70a8,False,not applicable
v2/pipeline/data/raw/m4b-douglas-water-tiled/douglas-co-flowline-pages/request-0075-1.json,ff5f346a658263ff07b1641aca6c3fa51d9dfc778ef67483e58807ec6cb009b7,False,not applicable
v2/pipeline/data/raw/m4b-douglas-water-tiled/douglas-co-flowline-pages/request-0076-1.json,6bffa13750da25ec86350172c719a875f0b7f884b016f1ca335efc9a6e81be40,False,not applicable
v2/pipeline/data/raw/m4b-douglas-water-tiled/douglas-co-flowline-pages/request-0077-1.json,45c35258703da677d7d10f303f138abbaa7525995dfce12cfefb81e5ba3e7961,False,not applicable
v2/pipeline/data/raw/m4b-douglas-water-tiled/douglas-co-flowline-pages/request-0078-1.json,51b5eabcb551417d2efc9b48244dcd92ea46cee6da05ffecc1442e269a5f69f5,False,not applicable
v2/pipeline/data/raw/m4b-douglas-water-tiled/douglas-co-flowline-pages/request-0079-1.json,e95f6284cb093b3eac173eabf284837fe37c0627f1bdd69a2b8cf37c793940e5,False,not applicable
v2/pipeline/data/raw/m4b-douglas-water-tiled/douglas-co-flowline-pages/request-0080-1.json,d9a384f3e829b7a1083c51bc750c70fde5a22da92e49cde2dcbd607e5c926c79,False,not applicable
v2/pipeline/data/raw/m4b-douglas-water-tiled/douglas-co-flowline-pages/request-0081-1.json,9e903d88ad9ac0cb49e40b7017adfe3ff817ba3670516480d18ac4c76ddff102,False,not applicable
v2/pipeline/data/raw/m4b-douglas-water-tiled/douglas-co-flowline-pages/request-0082-1.json,4359401dd2f6cfa9c0d6db48dc6b4192604605700af231704cb8ba753961e468,False,not applicable
v2/pipeline/data/raw/m4b-douglas-water-tiled/douglas-co-flowline-pages/request-0083-1.json,8c2acae510a426cbbe550d73fd6f6e5b5830e2c6952b9e5902c8f7d0becc1ae4,False,not applicable
v2/pipeline/data/raw/m4b-douglas-water-tiled/douglas-co-flowline-pages/request-0084-1.json,2c735cf84555244b068acf3737e6274d4288058ee1893725d51990c4529e8865,False,not applicable
v2/pipeline/data/raw/m4b-douglas-water-tiled/douglas-co-flowline-pages/request-0085-1.json,d520caf35044099fc6e17b1181222cd27988d12be0f4dd8d0c255e6bdc4bae44,False,not applicable
v2/pipeline/data/raw/m4b-douglas-water-tiled/douglas-co-flowline-pages/request-0086-1.json,d9ec7b3965a47c65fe4e3d7c6cb649b0f78a61654116cdb0e0e4e2f976c2de1f,False,not applicable
v2/pipeline/data/raw/m4b-douglas-water-tiled/douglas-co-flowline-pages/request-0087-1.json,576c07d2fbb2298f65ee152b48f79a65a0375609278673a9800f7788bb46c619,False,not applicable
v2/pipeline/data/raw/m4b-douglas-water-tiled/douglas-co-flowline-pages/request-0088-1.json,d57063d8008806216dbfb70467fcb6edd558dfd1a0833d97b6c106de61a9c0de,False,not applicable
v2/pipeline/data/raw/m4b-douglas-water-tiled/douglas-co-flowline-pages/request-0089-1.json,b6c95c0c5315ade59a9014f9398803e37cb90cc9970bd4018ae53fe2492c7e4e,False,not applicable
v2/pipeline/data/raw/m4b-douglas-water-tiled/douglas-co-flowline-pages/request-0090-1.json,ef911413f14b2e83d9ea410185d87a39b655b54d8285927822e043ce531097e3,False,not applicable
v2/pipeline/data/raw/m4b-douglas-water-tiled/douglas-co-flowline-pages/request-0091-1.json,f1237d852aa81bdb6de7291d04c29aeca17d8dbd6c76dfb7373ffb9ca866bbe4,False,not applicable
v2/pipeline/data/raw/m4b-douglas-water-tiled/douglas-co-flowline-pages/request-0092-1.json,4632ead8a6a2790b225cdf176e145fad51f327891b43626bf63517194d4744e4,False,not applicable
v2/pipeline/data/raw/m4b-douglas-water-tiled/douglas-co-flowline-pages/request-0093-1.json,6fd0180f36fcc419f0d68de971989841f5eb756c2f0f5521c5aa9b0e5db9ff37,False,not applicable
v2/pipeline/data/raw/m4b-douglas-water-tiled/douglas-co-flowline-pages/request-0094-1.json,616acda8427fe99241365d359635f1b0a1b9e909c7c9ad6adb0899dfc4388279,False,not applicable
v2/pipeline/data/raw/m4b-douglas-water-tiled/douglas-co-flowline-pages/request-0095-1.json,ae01e09f700d84679e22cf31e6dd598b9960ffdc46be63daa0cf83c3d2dae124,False,not applicable
v2/pipeline/data/raw/m4b-douglas-water-tiled/douglas-co-flowline-pages/request-0096-1.json,ef1bf7e09f2efeea49523c529a7c25bbb3be948054466218983ebbd600c9d47d,False,not applicable
v2/pipeline/data/raw/m4b-douglas-water-tiled/douglas-co-flowline-pages/request-0097-1.json,10c7d8b456fbad091fb0cdc6678b2480b5cd71642a5cd995b3628114c671231e,False,not applicable
v2/pipeline/data/raw/m4b-douglas-water-tiled/douglas-co-flowline-pages/request-0098-1.json,bc1efb14ed22fc81124943f39c76df8161dc0098c8285dcba8b0672180c33e34,False,not applicable
v2/pipeline/data/raw/m4b-douglas-water-tiled/douglas-co-flowline-pages/request-0099-1.json,50fecb6024d1a30dca6ca023c8077ecdbafb61bc90105be62fed9b8102900b6f,False,not applicable
v2/pipeline/data/raw/m4b-douglas-water-tiled/douglas-co-flowline-pages/request-0100-1.json,612f4a58ddb0346aaf73f75abac47040e77c5bb2dd4ba024f0390c2d912a373a,False,not applicable
v2/pipeline/data/raw/m4b-douglas-water-tiled/douglas-co-flowline-pages/request-0101-1.json,e682e2d569e0d63cde01d3bc03a3f63bdd6a322ca7edbd2ff178cbfdc5dbd7a3,False,not applicable
v2/pipeline/data/raw/m4b-douglas-water-tiled/douglas-co-flowline-pages/request-0102-1.json,98d723bc102ae5a9dfe3a03fffb947f568bba528516ad68d06b4af575fc8306a,False,not applicable
v2/pipeline/data/raw/m4b-douglas-water-tiled/douglas-co-flowline-pages/request-0103-1.json,11fa99ecba5d8382056ca5b84a5b7d3a8cbaf7f6a826673f4f7cc9cb407e2871,False,not applicable
v2/pipeline/data/raw/m4b-douglas-water-tiled/douglas-co-flowline-pages/request-0104-1.json,90aa8fd18b0a265cc287984ea57d671511f4e0db5b4254cf167160e87de11bee,False,not applicable
v2/pipeline/data/raw/m4b-douglas-water-tiled/douglas-co-flowline-pages/request-0105-1.json,c780dd01eace3b83fcb7348d720cf115b238aacfe877a398e42efc4bf12b0646,False,not applicable
v2/pipeline/data/raw/m4b-douglas-water-tiled/douglas-co-flowline-pages/request-0106-1.json,4fa04acb0390eb05d0d02ec4a69230546e11b834cb0e03a05aab901ac561e81a,False,not applicable
v2/pipeline/data/raw/m4b-douglas-water-tiled/douglas-co-flowline-pages/request-0107-1.json,1dd0adc14380f23c289071e1d9b3c91e103610b2d667b8af9eb1f282f6dfabef,False,not applicable
v2/pipeline/data/raw/m4b-douglas-water-tiled/douglas-co-flowline-pages/request-0108-1.json,1a773277e80fa8c288823bcebfe0206ab6f3f3820ba9e29fcccfc182dacd2548,False,not applicable
v2/pipeline/data/raw/m4b-douglas-water-tiled/douglas-co-flowline-pages/request-0109-1.json,333b85678a3818727ddbdaeb527fc81b981750f6233b285e5186385562a114c6,False,not applicable
v2/pipeline/data/raw/m4b-douglas-water-tiled/douglas-co-flowline-pages/request-0110-1.json,4d0e2fb2d430d560bf0fc16aaf6d9203d18fd43babf58957be271fb6f8b61e19,False,not applicable
v2/pipeline/data/raw/m4b-douglas-water-tiled/douglas-co-flowline-pages/request-0111-1.json,12ab54ad40e6889c9749f0340466fa98a617fab9f88585bd0ce39b5b1e8d02bb,False,not applicable
v2/pipeline/data/raw/m4b-douglas-water-tiled/douglas-co-flowline-pages/request-0112-1.json,a76781991eab984073a81572b07dd9fdf396b5506c41e9ae58b321e077fa197f,False,not applicable
v2/pipeline/data/raw/m4b-douglas-water-tiled/douglas-co-flowline-pages/request-0113-1.json,bf3d4785ea7075e35ffea6e531a73072abcd42e1a93f57e0204805b47cb02f36,False,not applicable
v2/pipeline/data/raw/m4b-douglas-water-tiled/douglas-co-flowline-pages/request-0114-1.json,9a1050644c2261f182502035698acfa5604f7d47ec91fd9de3ee6f19365d2fb9,False,not applicable
v2/pipeline/data/raw/m4b-douglas-water-tiled/douglas-co-flowline-pages/request-0115-1.json,190d3ee60aff721fc8cee44f281bf0b2b764361a2e74eefe78b16d2de8ed1e99,False,not applicable
v2/pipeline/data/raw/m4b-douglas-water-tiled/douglas-co-flowline-pages/request-0116-1.json,f75890706aa325123f8f7c819e2ed0da4aa646922a5be441d4d1b9ddf33800ad,False,not applicable
v2/pipeline/data/raw/m4b-douglas-water-tiled/douglas-co-flowline-pages/request-0117-1.json,abbe6ff2a98417f7c2adb0fce2319d2c3dbbbce5656cdef3bd95d8360a9a3c9e,False,not applicable
v2/pipeline/data/raw/m4b-douglas-water-tiled/douglas-co-flowline-pages/request-0118-1.json,50e88d58249ae1a39773642aa279fadaaa45cf6b5d21775c4877ac44cb8c11f1,False,not applicable
v2/pipeline/data/raw/m4b-douglas-water-tiled/douglas-co-flowline-pages/request-0119-1.json,202c35bf8ffe77102b89f6d3c4c6f060e23a1bed3735c06c6225cf5452de984b,False,not applicable
v2/pipeline/data/raw/m4b-douglas-water-tiled/douglas-co-flowline-pages/request-0120-1.json,5816ab810720b83f3db415286d529d192319fd41827c81cb224b2ec63cd9a4e8,False,not applicable
v2/pipeline/data/raw/m4b-douglas-water-tiled/douglas-co-flowline-pages/request-0121-1.json,ef500ef959ea74b4bee748725184561c8d94e0ee1f02ffe44634a67861151cee,False,not applicable
v2/pipeline/data/raw/m4b-douglas-water-tiled/douglas-co-flowline-pages/request-0122-1.json,77ad76d5d451c536f24016af41a8396036126b7f32235af99a67f2ac0f43aaba,False,not applicable
v2/pipeline/data/raw/m4b-douglas-water-tiled/douglas-co-flowline-pages/request-0123-1.json,48ab8bf5f478f1f52109609ac02bfbf35d65db1b8d1b71f4a92763bcdc7abf41,False,not applicable
v2/pipeline/data/raw/m4b-douglas-water-tiled/douglas-co-flowline-pages/request-0124-1.json,6671c8fc7ff1bb158b663b86dcd6bbfd34a9040d8496dace45114a2109ec0b5a,False,not applicable
v2/pipeline/data/raw/m4b-douglas-water-tiled/douglas-co-flowline-pages/request-0125-1.json,d91cf391d9ecd2918d98a28211114036c5bce6992c8b25340a8d63f528ff1f13,False,not applicable
v2/pipeline/data/raw/m4b-douglas-water-tiled/douglas-co-flowline-pages/request-0126-1.json,8596544e1394a8774f66e52719790cd5c3a38447b82a1c274c83609277fb9bd7,False,not applicable
v2/pipeline/data/raw/m4b-douglas-water-tiled/douglas-co-flowline-pages/request-0127-1.json,7a207c8b43390c29d8bd62c768f3c1ce803d0579b92977c66af51b42151ca0f2,False,not applicable
v2/pipeline/data/raw/m4b-douglas-water-tiled/douglas-co-flowline-pages/request-0128-1.json,3648ff985d3c9c7ae726fe9edc082d1db64c0e61a9b6390846403013bbcdf54e,False,not applicable
v2/pipeline/data/raw/m4b-douglas-water-tiled/douglas-co-flowline-pages/request-0129-1.json,6fd10c3783552f256d776c3cfbf06616defae9e34d39bbdc376d52420db12b00,False,not applicable
v2/pipeline/data/raw/m4b-douglas-water-tiled/douglas-co-flowline-pages/request-0130-1.json,b5e59b15eefcc327def6128bc0484da8c9cbd9afe93e5e2d444e635ecb5e0fa5,False,not applicable
v2/pipeline/data/raw/m4b-douglas-water-tiled/douglas-co-flowline-pages/request-0131-1.json,bd73527b425b85bc46aa7fa1b6447bd51cbd307359c99a5fb13f581dbbaf819e,False,not applicable
v2/pipeline/data/raw/m4b-douglas-water-tiled/douglas-co-flowline-pages/request-0132-1.json,b31e66e8a111940c9e10114179a5a747878c3f69e616c9f3738f6f3e92fe6e4e,False,not applicable
v2/pipeline/data/raw/m4b-douglas-water-tiled/douglas-co-flowline-pages/request-0133-1.json,9a6e52b1eda77c2a1e2c8629192dc927cd274488d326ed508f24878a5f04295b,False,not applicable
v2/pipeline/data/raw/m4b-douglas-water-tiled/douglas-co-flowline-pages/request-0134-1.json,6bcec18ba7de21c7a5d543ad6c38d75fdf7d538edd4c2ffa6b63efa2a888e343,False,not applicable
v2/pipeline/data/raw/m4b-douglas-water-tiled/douglas-co-flowline-pages/request-0135-1.json,b1e0bd3c8b8deb54be5efc65b0b86375d5de82be31ae639053353d19f09279c5,False,not applicable
v2/pipeline/data/raw/m4b-douglas-water-tiled/douglas-co-flowline-pages/request-0136-1.json,e4fbecaefc9d0339d11a2a4eff29b4a0622ece624892afb8f88c33cf95628eca,False,not applicable
v2/pipeline/data/raw/m4b-douglas-water-tiled/douglas-co-flowline-pages/request-0137-1.json,e71f93261552c2493a73cb5b27623e827cecdbe507f0dec599e068907545b466,False,not applicable
v2/pipeline/data/raw/m4b-douglas-water-tiled/douglas-co-flowline-pages/request-0138-1.json,7a89593c82efa0986bedcf63a91839f12add699ee64a3de2e6485c34f9f28504,False,not applicable
v2/pipeline/data/raw/m4b-douglas-water-tiled/douglas-co-flowline-pages/request-0139-1.json,14f91a63a1ce28467b3a61f2f052d138725209ddde45c61783bd168dd133ce96,False,not applicable
v2/pipeline/data/raw/m4b-douglas-water-tiled/douglas-co-flowline-pages/request-0140-1.json,d79dcaf6c90aaf68fec8af8aae00f67588388cf3fe3bfa9d7bdc7587d259334e,False,not applicable
v2/pipeline/data/raw/m4b-douglas-water-tiled/douglas-co-flowline-pages/request-0141-1.json,d5daef982f81f3c68ee1a7a86b078ada963c688b0411bf494bc9422d68aee8d2,False,not applicable
v2/pipeline/data/raw/m4b-douglas-water-tiled/douglas-co-flowline-pages/request-0141-2.json,ac2e4c46d9eb819d543f40d6dc04dd492e53e808a81849d31fe73838c99f3fe9,False,not applicable
v2/pipeline/data/raw/m4b-douglas-water-tiled/douglas-co-flowline-pages/request-0142-1.json,0950a5f8a5d7d5d315c3346792bb47573b8c2b281b3fbaef01c4ad4304eec664,False,not applicable
v2/pipeline/data/raw/m4b-douglas-water-tiled/douglas-co-flowline-pages/request-0143-1.json,877d73284f5acbc56641974179227ee729d38cf8cb6b010e930aab110187da11,False,not applicable
v2/pipeline/data/raw/m4b-douglas-water-tiled/douglas-co-flowline-pages/request-0144-1.json,8d89ee65042588f12e0b498141b93090bc95f2d7dc8669a2ff46b4fc16e788ad,False,not applicable
v2/pipeline/data/raw/m4b-douglas-water-tiled/douglas-co-flowline-pages/request-0145-1.json,00f2256e9a22cc524079a6ba2af6e6f8f7cb1c0621bfcde52916f555e87474e7,False,not applicable
v2/pipeline/data/raw/m4b-douglas-water-tiled/douglas-co-flowline-pages/request-0146-1.json,254ac6580567226b8a6a9ef0dce50d550578dd8ddd5cb1e9cae8bd8c21f658fa,False,not applicable
v2/pipeline/data/raw/m4b-douglas-water-tiled/douglas-co-flowline-pages/request-0147-1.json,6340119d0e85c53d6b86033f3552540a6e97793f8fc659c1de547bd8a1679be1,False,not applicable
v2/pipeline/data/raw/m4b-douglas-water-tiled/douglas-co-flowline-pages/request-0148-1.json,45787fdf19d99d7d8f61c9d36e874cc5eb1c8fa252b95c5dcf7d479b57121bbd,False,not applicable
v2/pipeline/data/raw/m4b-douglas-water-tiled/douglas-co-flowline-pages/request-0149-1.json,ed5fdfcd6e4da71836915cc2b7c3cba32869d8faa11e2065367d904967e272b5,False,not applicable
v2/pipeline/data/raw/m4b-douglas-water-tiled/douglas-co-flowline-pages/request-0150-1.json,bf7b0280040049222803060da7e680fac57a0badb37d7b3d7a09021716de942d,False,not applicable
v2/pipeline/data/raw/m4b-douglas-water-tiled/douglas-co-flowline-pages/request-0151-1.json,705dbf731d7d29a253222ff8ea4dd903a80ba2251097e6ce112ad88d3fa2c99d,False,not applicable
v2/pipeline/data/raw/m4b-douglas-water-tiled/douglas-co-waterbody-pages/request-0001-1.json,a052841e0795190d829fa0bc275d5c7eb764c5716070405d0459fdf9e98ab660,False,not applicable
v2/pipeline/data/raw/m4b-douglas-water-tiled/douglas-co-waterbody-pages/request-0002-1.json,2bbf717d6f72c016a999ca2785e298a42187400d38f1626ecaa6e67bf4ce0082,False,not applicable
v2/pipeline/data/raw/m4b-douglas-water-tiled/douglas-co-waterbody-pages/request-0003-1.json,0759dfd3866af6dc5ecba1b468eea52eba2fc1ccd36b9aa9671743382dc51147,False,not applicable
v2/pipeline/data/raw/m4b-douglas-water-tiled/douglas-co-waterbody-pages/request-0004-1.json,950a090c7989590e51b27618802e6e094973d651bd48469cb37bd36439fc3245,False,not applicable
v2/pipeline/data/raw/m4b-douglas-water-tiled/douglas-co-waterbody-pages/request-0005-1.json,4db5f8958252cae54564f134b51c1945aec3cb32e5b121b2fe75404a30ca7542,False,not applicable
v2/pipeline/data/raw/m4b-douglas-water-tiled/douglas-co-waterbody-pages/request-0006-1.json,0d38500476e54468aef97c644f54ffd4ac7db0ffa885d6ee030859b6a6936736,False,not applicable
v2/pipeline/data/raw/m4b-douglas-water-tiled/douglas-co-waterbody-pages/request-0007-1.json,4d482291fa4a4a7a14ca5825606ad4b76ea2fa4073ca8b25179a42a1fa52074e,False,not applicable
v2/pipeline/data/raw/m4b-douglas-water-tiled/douglas-co-waterbody-pages/request-0008-1.json,806c18b0be60e1d2b9dafb9d57a272641b38716e95a2049d94740b785394dc21,False,not applicable
v2/pipeline/data/raw/m4b-douglas-water-tiled/douglas-co-waterbody-pages/request-0009-1.json,cd29969a128f689bbda6c7d62b3720f83dd4f603df35bddb5ceec07d88edd724,False,not applicable
v2/pipeline/data/raw/m4b-douglas-water-tiled/douglas-co-waterbody-pages/request-0010-1.json,056b9d2beacfb99ae877d21755d668a2298ad75e877c22219bee681a20a78314,False,not applicable
v2/pipeline/data/raw/m4b-douglas-water-tiled/layer-12-metadata-response.json,648b7d1d4f1a53a3ab88b0a3ef4916a3e41e23f818822c7354df25b657ff3c19,False,not applicable
v2/pipeline/data/raw/m4b-douglas-water-tiled/layer-12-tiles/0/resume-1-attempt-1-count.json,9026b60e7c11039272e3f5d3cad8a831df40dc9593b2d318390d53c881db2f86,False,not applicable
v2/pipeline/data/raw/m4b-douglas-water-tiled/layer-12-tiles/0/resume-1-attempt-1-ids.json,3d6d0d51478cd9b3399a783db92524c24e40a9acedd26c75763b9926de7a62f6,False,not applicable
v2/pipeline/data/raw/m4b-douglas-water-tiled/layer-12-tiles/0/resume-1-verify.json,efbc84a70daa2fe13b02745780e8a6e11936ddcd0fbbed6ef3fac2aed23495b0,False,not applicable
v2/pipeline/data/raw/m4b-douglas-water-tiled/layer-12-tiles/1/resume-1-attempt-1-count.json,d02357beb5ee444dde458f0dd6af6aa51eae14c54b1bf24e89d60d8bcf4f4291,False,not applicable
v2/pipeline/data/raw/m4b-douglas-water-tiled/layer-12-tiles/1/resume-1-attempt-1-ids.json,a09294334606b8106bce7162e73f19f155537b2d17b38880d00aca3436455026,False,not applicable
v2/pipeline/data/raw/m4b-douglas-water-tiled/layer-12-tiles/1/resume-1-verify.json,d7e5ef8cc5b2eba33d9ca549df595c6a01fdae035eab1f338c0ce9efc0a79355,False,not applicable
v2/pipeline/data/raw/m4b-douglas-water-tiled/layer-12-tiles/2/resume-1-attempt-1-count.json,941a2fc1d0442aa6d2d2687df6b43263aefc77dcb38c719b210388995304d593,False,not applicable
v2/pipeline/data/raw/m4b-douglas-water-tiled/layer-12-tiles/2/resume-1-attempt-1-ids.json,741d984ec600cfefac3218e7fd5a110e5409b678b23ac9c737a6a85f8789aa6f,False,not applicable
v2/pipeline/data/raw/m4b-douglas-water-tiled/layer-12-tiles/2/resume-1-verify.json,2cdb0397368e407dcd394b31bf59f7c4fe0274af58db62a0083e03022d2217e4,False,not applicable
v2/pipeline/data/raw/m4b-douglas-water-tiled/layer-12-tiles/3/resume-1-attempt-1-count.json,3257396b67c28c44753fd069e383262be4d534bc72e56f1c2849975f7de87704,False,not applicable
v2/pipeline/data/raw/m4b-douglas-water-tiled/layer-12-tiles/3/resume-1-attempt-1-ids.json,92d950206d66b9a2aea0b538e0e4afa383ada2fc1f74573928508b850c1d8e28,False,not applicable
v2/pipeline/data/raw/m4b-douglas-water-tiled/layer-12-tiles/3/resume-1-verify.json,5b53828b66a9ddf4fde979cb62a258f3dbc8e444e5fb017013c670f8290dd971,False,not applicable
v2/pipeline/data/raw/m4b-douglas-water-tiled/layer-6-metadata-response.json,5a2608488ac95debb788cef7fea6878313f72863dd23e04ad56eb94354422ef2,True,True
v2/pipeline/data/raw/m4b-douglas-water-tiled/layer-6-tiles/0/attempt-1-count.json,588fe7ad1495a5f0a432c016738c53f7d3eca46fa7fe92700fd8613c46bf9487,True,True
v2/pipeline/data/raw/m4b-douglas-water-tiled/layer-6-tiles/0/attempt-2-count.json,7cd5b28bb55c9518844abb445d02669b8a046aae5474d99d66cfd3f7e58e1bbc,True,True
v2/pipeline/data/raw/m4b-douglas-water-tiled/layer-6-tiles/0/attempt-2-ids.json,bfc9be9abdc3e5c8fa632c5bc62261915e0897b9efb76ee6261e63531191741f,True,True
v2/pipeline/data/raw/m4b-douglas-water-tiled/layer-6-tiles/0/resume-1-verify.json,200dc679ff867cd3345e8bcc35a4fb99e1b95820036e2dc75f702ec89d0c1b9f,False,not applicable
v2/pipeline/data/raw/m4b-douglas-water-tiled/layer-6-tiles/1/attempt-1-count.json,ffc51dbb8aee62a5f8c7230e44b78724c94e2c86f8fbf67ed89ac9be9f8d3ffc,True,True
v2/pipeline/data/raw/m4b-douglas-water-tiled/layer-6-tiles/1/attempt-1-ids.json,30727aa3fcab500c5ad543a88eb3db1437ef49e513468d6c1c110253feee13bd,True,True
v2/pipeline/data/raw/m4b-douglas-water-tiled/layer-6-tiles/1/resume-1-verify.json,5c5bafe3d66c624be695406b9f045bf5881c72bc59c454270a787f8da8ccefc5,False,not applicable
v2/pipeline/data/raw/m4b-douglas-water-tiled/layer-6-tiles/2/attempt-1-count.json,cc62b8777b2351f4b883498897a776a492445b76bb265609356ed0ec9bae7cc3,True,True
v2/pipeline/data/raw/m4b-douglas-water-tiled/layer-6-tiles/2/attempt-1-ids.json,6e50ae62c5851efffc3aba374afbd86f0c08c3a14fcaa045e0bf0b09b6c9054a,True,True
v2/pipeline/data/raw/m4b-douglas-water-tiled/layer-6-tiles/2/resume-1-verify.json,8c1f3bd9e4fcf7164df1cecd3ea8e334059b63517a74a7ddde7b6f48e429f65e,False,not applicable
v2/pipeline/data/raw/m4b-douglas-water-tiled/layer-6-tiles/3/attempt-1-count.json,ede1f6a1fede345e200ce850a4301982386890e0266ab6f72fdaabb4933e26df,True,True
v2/pipeline/data/raw/m4b-douglas-water-tiled/layer-6-tiles/3/attempt-1-ids.json,e27e8253872549fefa6c6886525991e89b32172c72ff685d8b1c10761fddd49f,True,True
v2/pipeline/data/raw/m4b-douglas-water-tiled/layer-6-tiles/3/attempt-2-count.json,1d5150c6e535596b8f23177222be4ab04420fa291fe13443a1b3b493136cd629,True,True
v2/pipeline/data/raw/m4b-douglas-water-tiled/layer-6-tiles/3.0/attempt-1-count.json,fd7fb84a97dd7f27d415de799dbdb4d3823bfcd733e508744bfd9bb52f3235b7,True,True
v2/pipeline/data/raw/m4b-douglas-water-tiled/layer-6-tiles/3.0/attempt-2-count.json,75a981cb785e9d456b693457a2617d1b4c231f3aa15c627cbdc157c8a850a60e,True,True
v2/pipeline/data/raw/m4b-douglas-water-tiled/layer-6-tiles/3.0.0/attempt-1-count.json,5fca728b6a94ddb329ccf63c6d4e973764845d55cf42e9dac56b67141907a3b2,True,True
v2/pipeline/data/raw/m4b-douglas-water-tiled/layer-6-tiles/3.0.0/attempt-1-ids.json,b47891af0fda62d71b85635ca0843e3ab69f7452977e771e01a6d7cf233c75bb,True,True
v2/pipeline/data/raw/m4b-douglas-water-tiled/layer-6-tiles/3.0.0/resume-1-verify.json,3a01e8d7316309eb91444df31203dd304e1ba6421364489b6c31402ae878ec38,False,not applicable
v2/pipeline/data/raw/m4b-douglas-water-tiled/layer-6-tiles/3.0.1/attempt-1-count.json,0be7fb6128ad6124b31ddcba7e3c26e37427cfab3f0c7a13e4af5c107bc61261,True,True
v2/pipeline/data/raw/m4b-douglas-water-tiled/layer-6-tiles/3.0.1/attempt-1-ids.json,d810dcf2a2208b3b6eacc2c060459df8291a12bf23b364ec5e72687720a2695b,True,True
v2/pipeline/data/raw/m4b-douglas-water-tiled/layer-6-tiles/3.0.1/resume-1-verify.json,d8ddd1a6f1dc0bcc4b17e5fba9c1eca6579ef9fda9d0c6ea294f78c0a6d3dd18,False,not applicable
v2/pipeline/data/raw/m4b-douglas-water-tiled/layer-6-tiles/3.0.2/attempt-1-count.json,8f3c0c584af0768de0cf8c57e75ba80b16d2f47e495bb8c623eddd364a90286f,True,True
v2/pipeline/data/raw/m4b-douglas-water-tiled/layer-6-tiles/3.0.2/attempt-1-ids.json,86d636368bb431987321a347a6151e5e9a310f39384a8af1fd0419e458dc81a7,True,True
v2/pipeline/data/raw/m4b-douglas-water-tiled/layer-6-tiles/3.0.2/resume-1-verify.json,9d8776a603bba5d4252a14d8b98251f72ff4af26f83e5f20130a59a73056dead,False,not applicable
v2/pipeline/data/raw/m4b-douglas-water-tiled/layer-6-tiles/3.0.3/attempt-1-count.json,a6b85b5cf8e04e60a05c5e12b9178cda362e8fed93460eab9508ca3456aedcb4,True,True
v2/pipeline/data/raw/m4b-douglas-water-tiled/layer-6-tiles/3.0.3/attempt-2-count.json,f354f5a684c337f3b78daba36e3a79b1cbc3f4ed48df29874ce203ef4783a3d2,True,True
v2/pipeline/data/raw/m4b-douglas-water-tiled/layer-6-tiles/3.0.3/attempt-2-ids.json,c2893a966523ccdaef36b2377a77ce6a8e0fc9ca7927c00903f896d89e478ff0,True,True
v2/pipeline/data/raw/m4b-douglas-water-tiled/layer-6-tiles/3.0.3/resume-1-verify.json,cebc303a5d7c4059bf21917e8c7b3b4a3bb803fc0b096b94ad8e37750fdd6d81,False,not applicable
v2/pipeline/data/raw/m4b-douglas-water-tiled/layer-6-tiles/3.1/attempt-1-count.json,9809d36fab6edbeec9e81668f11c4e21afabdbc0600e3fe127c8e7541832788f,True,True
v2/pipeline/data/raw/m4b-douglas-water-tiled/layer-6-tiles/3.1/attempt-2-count.json,c78fe1c5fdab14e518f34bd903d9758c9be32f8abf8ce986d33e6c127ebc5fab,True,True
v2/pipeline/data/raw/m4b-douglas-water-tiled/layer-6-tiles/3.1/attempt-2-ids.json,3e6cbe794d035cd86581cd41cf571667a940473f14f9b8e67ca4a387887af7ef,True,True
v2/pipeline/data/raw/m4b-douglas-water-tiled/layer-6-tiles/3.1.0/attempt-1-count.json,4b3a7de0904632fa455ed4626db596513ad2e7cf0fe7d4fdb2f21bc333aca45e,True,True
v2/pipeline/data/raw/m4b-douglas-water-tiled/layer-6-tiles/3.1.0/attempt-1-ids.json,7c369c345364261adda327e4995677d599dd8bdbb0e4cdf64d8b26ae0bab7b82,True,True
v2/pipeline/data/raw/m4b-douglas-water-tiled/layer-6-tiles/3.1.0/attempt-2-count.json,8f0aff1e7567184215a42054a1cd0589675e76bcc737d15e46663e66a37b326a,True,True
v2/pipeline/data/raw/m4b-douglas-water-tiled/layer-6-tiles/3.1.0/attempt-2-ids.json,28e4a73919dc30053a71f5cf07a9e7125ca94519ddebc6171472f9c4a51f3dd5,True,True
v2/pipeline/data/raw/m4b-douglas-water-tiled/layer-6-tiles/3.1.0/resume-1-verify.json,9ee8111e162f09ba667b4fdb53f366961f159c9ef8556f89f78aa8a2c313d4aa,False,not applicable
v2/pipeline/data/raw/m4b-douglas-water-tiled/layer-6-tiles/3.1.1/attempt-1-count.json,d0b2b41bccf397022a72436ba6ba5f48cf6ff7429783b90920279de6ae1598fe,True,True
v2/pipeline/data/raw/m4b-douglas-water-tiled/layer-6-tiles/3.1.1/attempt-2-count.json,49a2d65d4dcd25cac3363f401dd9eb4d24e723c1540da4d5baecfeeb3c9ffc1c,True,True
v2/pipeline/data/raw/m4b-douglas-water-tiled/layer-6-tiles/3.1.1/attempt-2-ids.json,f31c2caa608c6cc1072552bb3adb4be275c17a47f69f6f8fbfb0511f382eb989,True,True
v2/pipeline/data/raw/m4b-douglas-water-tiled/layer-6-tiles/3.1.1/resume-1-attempt-1-count.json,5e86273a18aa932fd1de56a6624d024e4784f1a18256c426a485d709f76d157e,True,True
v2/pipeline/data/raw/m4b-douglas-water-tiled/layer-6-tiles/3.1.1/resume-1-attempt-1-ids.json,481366f6735c6c9fc7cfd390e9d0f71982e42abc28b3fb8c60579b44bb230c5e,True,True
v2/pipeline/data/raw/m4b-douglas-water-tiled/layer-6-tiles/3.1.1/resume-1-verify.json,80401b3e586900808d96b6e988c54df54fdb996855063660675582fa529804d5,False,not applicable
v2/pipeline/data/raw/m4b-douglas-water-tiled/layer-6-tiles/3.1.2/resume-1-attempt-1-count.json,5c004f1be3f0b84126be019f7481009e666f06ebac9b0af2835bef493ca16e4d,True,True
v2/pipeline/data/raw/m4b-douglas-water-tiled/layer-6-tiles/3.1.2/resume-1-attempt-1-ids.json,77241e2e6315725b2852633e94374294bb1c8c8ab7367faa9f3c84c77349440d,True,True
v2/pipeline/data/raw/m4b-douglas-water-tiled/layer-6-tiles/3.1.2/resume-1-verify.json,058bc252b66f5e5b7e7f1f27bc83f28c39c11b164eed28e1c493daaa44a4ad86,False,not applicable
v2/pipeline/data/raw/m4b-douglas-water-tiled/layer-6-tiles/3.1.3/resume-1-attempt-1-count.json,316bb7a3704ac3139cbc494ba95ce7b5ae0f9ac5f1807e2b704734389e0869d1,True,True
v2/pipeline/data/raw/m4b-douglas-water-tiled/layer-6-tiles/3.1.3/resume-1-attempt-1-ids.json,a9a0eef274e86036149fd9725e909988912550854a821a211de5c266bbbcbc88,True,True
v2/pipeline/data/raw/m4b-douglas-water-tiled/layer-6-tiles/3.1.3/resume-1-verify.json,5cbe1caabb05c0cf89e5373fcba1addd952918c273712376b05bc45cebbe345b,False,not applicable
v2/pipeline/data/raw/m4b-douglas-water-tiled/layer-6-tiles/3.2/resume-1-attempt-1-count.json,23684430d8fbb59d9cabd1e8f3524d2bfb69bd62d8f60e7168e834263c7e724d,True,True
v2/pipeline/data/raw/m4b-douglas-water-tiled/layer-6-tiles/3.2/resume-1-attempt-1-ids.json,e5909d448581362729b6d991bfc323f17fd956e3e1a8b5b8031a6dd58eba3b28,True,True
v2/pipeline/data/raw/m4b-douglas-water-tiled/layer-6-tiles/3.2/resume-1-verify.json,b30f4ae5614b9fb4accaf2da5bb8ce9b3fca4e9e5263f4611a09cb1f6dbfa748,False,not applicable
v2/pipeline/data/raw/m4b-douglas-water-tiled/layer-6-tiles/3.3/resume-1-attempt-1-count.json,e4319ded05c87854b1f1d40a005ca535105be854c6832f2cec32d0e63cb8100b,True,True
v2/pipeline/data/raw/m4b-douglas-water-tiled/layer-6-tiles/3.3/resume-1-attempt-1-ids.json,a15e5e58ae15e41014f2a6cca706a236f7614f5365d286896fdd95e58ab2b185,True,True
v2/pipeline/data/raw/m4b-douglas-water-tiled/layer-6-tiles/3.3/resume-1-verify.json,950640603f4a9058ea1b393db94e2fc04758c1780458f794c2e8348e26624383,False,not applicable
v2/pipeline/data/raw/m4b-douglas-water-tiled/service-metadata-response.json,9a3a1c20ff61b15586cd263cf046ab95487e1feeb26a8bf6ae4f8ead712e13fe,True,True
v2/pipeline/data/raw/m4b-douglas-water-tiled/douglas-co-flowline-pages/page-0001.json,fbe036f476165a98950396e64b47643abf69db204f4df268597b94b263f26620,True,True
v2/pipeline/data/raw/m4b-douglas-water-tiled/douglas-co-flowline-pages/page-0002.json,1e41e1e76895ea208e9ca464cdf38f854b4a1b1284e32bddf9ae3810b145f9a6,True,True
v2/pipeline/data/raw/m4b-douglas-water-tiled/douglas-co-flowline-pages/page-0003.json,a542fbcd26e0665aaef413f2b5d7ec6f6acf9abc7dcc80b6b81ac66233618e0a,True,True
v2/pipeline/data/raw/m4b-douglas-water-tiled/douglas-co-flowline-pages/page-0004.json,6c550abd4b2e60e5daae2bc0f4b6edc7e405dc171f2a05aa35705f14c6ac9696,True,True
v2/pipeline/data/raw/m4b-douglas-water-tiled/douglas-co-flowline-pages/page-0005.json,a6ef57a64b8d3c51ec22a0ac85ac7c70d002dfff104930a3817db27ca16dc9d0,True,True
v2/pipeline/data/raw/m4b-douglas-water-tiled/douglas-co-flowline-pages/page-0006.json,eac325a3100b6d469d81628f9eb388af895e3e26934ba62956aa414b8492545b,True,True
v2/pipeline/data/raw/m4b-douglas-water-tiled/douglas-co-flowline-pages/page-0007.json,0760b8cfdaec6e885e290a8cce4d03867b76e1e60c61f567112f621a6f016dc8,True,True
v2/pipeline/data/raw/m4b-douglas-water-tiled/douglas-co-flowline-pages/page-0008.json,f7ae6ccf29cb4538b7acb32bb4e0a32a681ca2cd62242945d4c8628a7a6364c0,True,True
v2/pipeline/data/raw/m4b-douglas-water-tiled/douglas-co-flowline-pages/page-0009.json,e6f7a9c7b8921fc5eefd1b42e5b773b8a1de714d8ed3d5cc0cfe408d0d800baf,True,True
v2/pipeline/data/raw/m4b-douglas-water-tiled/douglas-co-flowline-pages/page-0010.json,7dd3c3ff587d02bc18243e5bafb24409ad199a0388499daa624c5b518e831bdd,True,True
v2/pipeline/data/raw/m4b-douglas-water-tiled/douglas-co-flowline-pages/page-0011.json,37f9a06167c22885f35413d763abc1d60b787a46b2241a145558de89732d78c1,True,True
v2/pipeline/data/raw/m4b-douglas-water-tiled/douglas-co-flowline-pages/page-0012.json,bc92bf3cee64167dd9ac5ac822222a9c2e8461bc736b1576f3aa5c7710a8809d,True,True
v2/pipeline/data/raw/m4b-douglas-water-tiled/douglas-co-flowline-pages/page-0013.json,ff6c04f9df95bdf86d8581685afb28149e03cc75b44fb37dc178a1bb4b536b1d,True,True
v2/pipeline/data/raw/m4b-douglas-water-tiled/douglas-co-flowline-pages/page-0014.json,d1b4d0c64da60d9dc57840f9beb2141988ff0f8a450fd58b8c7cf4bd0ddb6507,True,True
v2/pipeline/data/raw/m4b-douglas-water-tiled/douglas-co-flowline-pages/page-0015.json,5c164a2b641cc4c2df695a009e87d13a0ec3e3992005a0fe02dd73593605f07b,True,True
v2/pipeline/data/raw/m4b-douglas-water-tiled/douglas-co-flowline-pages/page-0016.json,10eaa0136b3c250de9b77ed7319e08ffad315cc636c942e817bda237b1f94f2c,True,True
v2/pipeline/data/raw/m4b-douglas-water-tiled/douglas-co-flowline-pages/page-0017.json,65e1224e706504d71783e3e6f53d0ed01ccab25a7067fe65c37ce1b25415a5b2,True,True
v2/pipeline/data/raw/m4b-douglas-water-tiled/douglas-co-flowline-pages/page-0018.json,f2f6e41f0d92552cd43dda415b3485254f216638401c79a2e62b2100ac79931c,True,True
v2/pipeline/data/raw/m4b-douglas-water-tiled/douglas-co-flowline-pages/page-0019.json,30aba3edf2d3224e9c8464ed9d2b805d0411304544759e5d85e77cb067514184,True,True
v2/pipeline/data/raw/m4b-douglas-water-tiled/douglas-co-flowline-pages/page-0020.json,2eb9096955492299e43a7b65f85f095bcb81d1aead569d354703b727da187210,True,True
v2/pipeline/data/raw/m4b-douglas-water-tiled/douglas-co-flowline-pages/page-0021.json,e84fdb62e6552ea77d7f93c03e065a1f06a331ca5f07fd004071e11b5f09f2da,True,True
v2/pipeline/data/raw/m4b-douglas-water-tiled/douglas-co-flowline-pages/page-0022.json,d80cc1b793bec6cbbefb82e02999d6015300f0394df44009fed0f7cccffde76d,True,True
v2/pipeline/data/raw/m4b-douglas-water-tiled/douglas-co-flowline-pages/page-0023.json,86fe416dc479dda9673c17db649191c0fab6b80c901b86a0f7ce1aab91139626,True,True
v2/pipeline/data/raw/m4b-douglas-water-tiled/douglas-co-flowline-pages/page-0024.json,a7b111bd18c2fddd9641fcad16ef955d6801d6c6c6380efa9c0ff394a0a678eb,True,True
v2/pipeline/data/raw/m4b-douglas-water-tiled/douglas-co-flowline-pages/page-0025.json,289988d22af7c39df64a0d2c81284fdfd37b0157e6161c4ded13d5c214c3aa3d,True,True
v2/pipeline/data/raw/m4b-douglas-water-tiled/douglas-co-flowline-pages/page-0026.json,c86a42e238128ec200f5383f484fc8a5072f30ac6284faface71c645f40e61d6,True,True
v2/pipeline/data/raw/m4b-douglas-water-tiled/douglas-co-flowline-pages/page-0027.json,9c8d59d78bca750a477cf746cb348574200543b9c137cd56b3b106c5e24a2c5c,True,True
v2/pipeline/data/raw/m4b-douglas-water-tiled/douglas-co-flowline-pages/page-0028.json,53c4b945a7a7d8df1864dd2a60dccd24f7f12a91ed60473933e0bed6da963fe1,True,True
v2/pipeline/data/raw/m4b-douglas-water-tiled/douglas-co-flowline-pages/page-0029.json,14f32dc7733ba17e8730d78dc2461efa5113cf1a998a1169efeff6a4117d6cfa,True,True
v2/pipeline/data/raw/m4b-douglas-water-tiled/douglas-co-flowline-pages/page-0030.json,e79825826637f6d619e125f24ee54aea004b2653cbc33daf611d06b12a8d4c40,True,True
v2/pipeline/data/raw/m4b-douglas-water-tiled/douglas-co-flowline-pages/page-0031.json,44e2eca3ce4eb759595c219a7e6ed90e58c85574518d09c0aea1343dc11d1f62,True,True
v2/pipeline/data/raw/m4b-douglas-water-tiled/douglas-co-flowline-pages/page-0032.json,a52cdf7c2eae176aa62b9172de1270b18775f1d6f172cffc99517f182a0bd1d1,True,True
v2/pipeline/data/raw/m4b-douglas-water-tiled/douglas-co-flowline-pages/page-0033.json,d857aa12c32026d5bbc7e0f3ee8bf2a05b8b6412d09bfc648a25ac7d3833331a,True,True
v2/pipeline/data/raw/m4b-douglas-water-tiled/douglas-co-flowline-pages/page-0034.json,8dc44f730526bfe0992386a2c7ba5181bfb2d87d5778f2daff585c29d874e77f,True,True
v2/pipeline/data/raw/m4b-douglas-water-tiled/douglas-co-flowline-pages/page-0035.json,62eebd831b71719a20e5f7454171af0f5f9e5e97bffde3e67077ed594d9ae362,True,True
v2/pipeline/data/raw/m4b-douglas-water-tiled/douglas-co-flowline-pages/page-0036.json,fcc0320ca6ae72336747e2a11ee71ffa3ea682a0e3db5e28b3de09ca1f36fc2b,True,True
v2/pipeline/data/raw/m4b-douglas-water-tiled/douglas-co-flowline-pages/page-0037.json,e693970fb42b859f035bc3e465d961a47d28c927d6801eba08171f062b6a943f,True,True
v2/pipeline/data/raw/m4b-douglas-water-tiled/douglas-co-flowline-pages/page-0038.json,3bb26f6bfd4e42597f00e1fe4bd6159ff09e4312ef8a594d080779002e8beab8,True,True
v2/pipeline/data/raw/m4b-douglas-water-tiled/douglas-co-flowline-pages/page-0039.json,48967e8d06fef748b65caf72bef457d430efa859dd269e55e8f0c786eb987db6,True,True
v2/pipeline/data/raw/m4b-douglas-water-tiled/douglas-co-flowline-pages/page-0040.json,6f05e65e112bfcea3592878821724b66d196a4c9586df922d7f16407fef4b107,True,True
v2/pipeline/data/raw/m4b-douglas-water-tiled/douglas-co-flowline-pages/page-0041.json,2d9371d8b1151bec5031e6aa1e0541039f67a43bb1b1364cca58cd771a20db26,True,True
v2/pipeline/data/raw/m4b-douglas-water-tiled/douglas-co-flowline-pages/page-0042.json,9a6efe140cbabcd6294f47e1c99de14e2cd357d2c31b5031d03f9f45ed48e2b6,True,True
v2/pipeline/data/raw/m4b-douglas-water-tiled/douglas-co-flowline-pages/page-0043.json,66972962e986cf8323b8b960eb84fe50162747991b5cb128f2f32bb743085f76,True,True
v2/pipeline/data/raw/m4b-douglas-water-tiled/douglas-co-flowline-pages/page-0044.json,ad6fa4c1294e8d2f1f015cfd196a2a003c22667b1e2c7e191605f6febe0f5e56,True,True
v2/pipeline/data/raw/m4b-douglas-water-tiled/douglas-co-flowline-pages/page-0045.json,c8dd39f94655307c5795a720a18511bafc8d64e345b61190c4297348f84a7f09,True,True
v2/pipeline/data/raw/m4b-douglas-water-tiled/douglas-co-flowline-pages/page-0046.json,72ed2079a7015a29a566fc766c77af8bd8fd49658f7e40757157e38c87eac79c,True,True
v2/pipeline/data/raw/m4b-douglas-water-tiled/douglas-co-flowline-pages/page-0047.json,3715811048ef9aaa64a5005b49cc79ce574a6d729d10bf64df843506bcaf0478,True,True
v2/pipeline/data/raw/m4b-douglas-water-tiled/douglas-co-flowline-pages/page-0048.json,d12026561b416750f143372a00f8e92a183e3d21a3e68becfade3a29b1436c5f,True,True
v2/pipeline/data/raw/m4b-douglas-water-tiled/douglas-co-flowline-pages/page-0049.json,12b1420bc2582b6dbb974813f78fc2bbfa2945b7e5fe03ff342c405c9422b9fa,True,True
v2/pipeline/data/raw/m4b-douglas-water-tiled/douglas-co-flowline-pages/page-0050.json,1dcdf1f8b072dfe121b14980a86553824bd9c3acd6a79a123988edfe68ed59b1,True,True
v2/pipeline/data/raw/m4b-douglas-water-tiled/douglas-co-flowline-pages/page-0051.json,5bbaad2f23dc6847eafbba2682b2f17e29b33a03980b2a671155d6ea6a4833d8,True,True
v2/pipeline/data/raw/m4b-douglas-water-tiled/douglas-co-flowline-pages/page-0052.json,9cd3143c9db77f3173d7051d370d5dfe6f281a0da34edbb4b14bef90e405c7e0,True,True
v2/pipeline/data/raw/m4b-douglas-water-tiled/douglas-co-flowline-pages/page-0053.json,2defd3c3856a238f57684cf09d0cd298ab4c6a68ab7b0dac0dafd62538a1aece,True,True
v2/pipeline/data/raw/m4b-douglas-water-tiled/douglas-co-flowline-pages/page-0054.json,f8f08b7dbc54c41e3fb320cb2f100f2cc014a9f351f1af9a3df88ca15f1150a5,True,True
v2/pipeline/data/raw/m4b-douglas-water-tiled/douglas-co-flowline-pages/page-0055.json,af12d8493c4c8dc86cd5b90ebb17f51690c8fea0f1ca72969a40af93aec0f47b,True,True
v2/pipeline/data/raw/m4b-douglas-water-tiled/douglas-co-flowline-pages/page-0056.json,5dd56c2c5ade63f2719b7af69a39569cd7b0a7057c5729b71899ab474640bab9,False,not applicable
v2/pipeline/data/raw/m4b-douglas-water-tiled/douglas-co-flowline-pages/page-0057.json,3c9a6611823698c89b7293d2c8da54e825b62e3d859f82313c1d4883afa3184b,False,not applicable
v2/pipeline/data/raw/m4b-douglas-water-tiled/douglas-co-flowline-pages/page-0058.json,71a648d9fe6b374ed78ba201c6d2a92ebbaa6a16d5423bc2513f81aa9a4dd92e,False,not applicable
v2/pipeline/data/raw/m4b-douglas-water-tiled/douglas-co-flowline-pages/page-0059.json,fffcb759f3b4fad3b915251408908047a4a65d6eec8fafa3f96f1675033e9ef5,False,not applicable
v2/pipeline/data/raw/m4b-douglas-water-tiled/douglas-co-flowline-pages/page-0060.json,19286dee4c20d39ac8c2f9190c4e94eb4111f1a80613a198db135e00afe59846,False,not applicable
v2/pipeline/data/raw/m4b-douglas-water-tiled/douglas-co-flowline-pages/page-0061.json,159d50ea3aa20f448a2c9c84e8be26459217f7778e261ccb52c820b2909971e1,False,not applicable
v2/pipeline/data/raw/m4b-douglas-water-tiled/douglas-co-flowline-pages/page-0062.json,4a25f6fb3d17d015f7800642486aa057a26a90413aaef9b086d0adfe4206a71a,False,not applicable
v2/pipeline/data/raw/m4b-douglas-water-tiled/douglas-co-flowline-pages/page-0063.json,5fd4692011335f1eefdc13e50e5bcf0d1e3f524e0796c29fbb327d53cf5a1e01,False,not applicable
v2/pipeline/data/raw/m4b-douglas-water-tiled/douglas-co-flowline-pages/page-0064.json,2cc5517fdb4c0320e26b6b70474a1e9e1803ec8f81b5335f76b3fbe50a85621c,False,not applicable
v2/pipeline/data/raw/m4b-douglas-water-tiled/douglas-co-flowline-pages/page-0065.json,0369c80f619662ad16a4b66e18f6f88366a0857e4a01236dbc3745bf11442cd8,False,not applicable
v2/pipeline/data/raw/m4b-douglas-water-tiled/douglas-co-flowline-pages/page-0066.json,1fe0e35207eb5a9d05e2771b0c3b108ce99ddd3f776462f28478f3c8a10638fa,False,not applicable
v2/pipeline/data/raw/m4b-douglas-water-tiled/douglas-co-flowline-pages/page-0067.json,313ef8c17257276bf9e39c56b4162ffc9f3eab563ef07be758350afa4850c50b,False,not applicable
v2/pipeline/data/raw/m4b-douglas-water-tiled/douglas-co-flowline-pages/page-0068.json,d387f9f90bf3f25b7787e52f51a026f1eeee74ddd330fc00cab5161de7410f00,False,not applicable
v2/pipeline/data/raw/m4b-douglas-water-tiled/douglas-co-flowline-pages/page-0069.json,a679e5d99e64c9a48610a1dfa6f152dacfa9d27e5f595dd84845cd2f6970c95c,False,not applicable
v2/pipeline/data/raw/m4b-douglas-water-tiled/douglas-co-flowline-pages/page-0070.json,9abd4528db06cdd2f2aacb83aef4e9001ed1d646df1afeca6e5358d2d36fb5a6,False,not applicable
v2/pipeline/data/raw/m4b-douglas-water-tiled/douglas-co-flowline-pages/page-0071.json,619556fd21bdb4aae82ff5f7bc6cfb1359e761c32b21a6a784f16e658cb16574,False,not applicable
v2/pipeline/data/raw/m4b-douglas-water-tiled/douglas-co-flowline-pages/page-0072.json,26aad2e4b90a52faf0bc8a0a72189150b7ce71cf8304ca7d6fe4a714bd1181c8,False,not applicable
v2/pipeline/data/raw/m4b-douglas-water-tiled/douglas-co-flowline-pages/page-0073.json,e3ebf363646783d5d532b832bc9707fda884220fa9f62c79b4ebbeb060802d90,False,not applicable
v2/pipeline/data/raw/m4b-douglas-water-tiled/douglas-co-flowline-pages/page-0074.json,f7fed9e72d6fad3a4851ed63f9d9a7ca907493afd7cd6a37e8145648039b94f1,False,not applicable
v2/pipeline/data/raw/m4b-douglas-water-tiled/douglas-co-flowline-pages/page-0075.json,e79e4460e1cb4e9e63d3ef332eee702c031f3e1333538a9c5f6db1a4c73d5cf9,False,not applicable
v2/pipeline/data/raw/m4b-douglas-water-tiled/douglas-co-flowline-pages/page-0076.json,3febfa163184864886c0612cdb2a0ee67fef2b7a7ec18064b036b6d9169730b9,False,not applicable
v2/pipeline/data/raw/m4b-douglas-water-tiled/douglas-co-flowline-pages/page-0077.json,0d257067086aebaa4a374c9e2a4e378ed6c4b62bc691d250bf5dc07c49b2d6f4,False,not applicable
v2/pipeline/data/raw/m4b-douglas-water-tiled/douglas-co-flowline-pages/page-0078.json,70727634758dbfa715a33ab5dc8f0fff91578b165c78cd218847a28bdaf1e572,False,not applicable
v2/pipeline/data/raw/m4b-douglas-water-tiled/douglas-co-flowline-pages/page-0079.json,f831a5934eff70a69eef6cdaec18f195b7adb0d1285c7333218f5ad3ef9f5420,False,not applicable
v2/pipeline/data/raw/m4b-douglas-water-tiled/douglas-co-flowline-pages/page-0080.json,228398f010e70a9bc675b527de986ab80c86cc8aeb466dcf71770b36db059d5a,False,not applicable
v2/pipeline/data/raw/m4b-douglas-water-tiled/douglas-co-flowline-pages/page-0081.json,b11a6b6337259fc743a527e0d360e5146427bc42ec51a493e3250097d998c4e5,False,not applicable
v2/pipeline/data/raw/m4b-douglas-water-tiled/douglas-co-flowline-pages/page-0082.json,7d14eaddbc59f80fa1605534af5760e2b3ea55500b80358f7299d87ea1a56bca,False,not applicable
v2/pipeline/data/raw/m4b-douglas-water-tiled/douglas-co-flowline-pages/page-0083.json,a0a0e99b790ebb14ccd05a5c55b49f3ec5b5f1bfdb6cd82de4d13a2bed809536,False,not applicable
v2/pipeline/data/raw/m4b-douglas-water-tiled/douglas-co-flowline-pages/page-0084.json,b365865824806857aa10e504ae20e97e648bb90348de933bad1bb3777fb5cbc8,False,not applicable
v2/pipeline/data/raw/m4b-douglas-water-tiled/douglas-co-flowline-pages/page-0085.json,57800e1f6d2e1702a02a7a076ce52a482ccac2134bd0bff9c2376a96a7ff7193,False,not applicable
v2/pipeline/data/raw/m4b-douglas-water-tiled/douglas-co-flowline-pages/page-0086.json,967d9fbea9b1ca7fb624151cbbf76b706b8cb78c015cdd0e871bea6274e7544f,False,not applicable
v2/pipeline/data/raw/m4b-douglas-water-tiled/douglas-co-flowline-pages/page-0087.json,beb8cdc85eec272b9f6586a49ac86790d290dc3310475a525325c25b0e4aedd4,False,not applicable
v2/pipeline/data/raw/m4b-douglas-water-tiled/douglas-co-flowline-pages/page-0088.json,2a29720e1361ca853f748a1b334bc5beea8e0886c65436519606c65cf1729442,False,not applicable
v2/pipeline/data/raw/m4b-douglas-water-tiled/douglas-co-flowline-pages/page-0089.json,b8fa487845cb31e617a9c5b81e6bd6fa7b99e7ef963ba450b13d06bde1bdb7f3,False,not applicable
v2/pipeline/data/raw/m4b-douglas-water-tiled/douglas-co-flowline-pages/page-0090.json,980be9c28c421a69c094d03673e657968d6f0bfd846b37a39c31e958e135609e,False,not applicable
v2/pipeline/data/raw/m4b-douglas-water-tiled/douglas-co-flowline-pages/page-0091.json,2ee8792877db4ca924c0f2159ccdd3532408519237bb1a3edcc787930ec41e65,False,not applicable
v2/pipeline/data/raw/m4b-douglas-water-tiled/douglas-co-flowline-pages/page-0092.json,df3fc0f709730beb0f36d457a931b9962e651e1bcb1ae3b34566135805733d48,False,not applicable
v2/pipeline/data/raw/m4b-douglas-water-tiled/douglas-co-flowline-pages/page-0093.json,679e5b5c789b5898e1540cc92a11e33041687735916a577b63fa87e8cbc2a185,False,not applicable
v2/pipeline/data/raw/m4b-douglas-water-tiled/douglas-co-flowline-pages/page-0094.json,4241042e51b2fb3fc8079e748700ab7001ee8c70c8816825c1c209fe345999ee,False,not applicable
v2/pipeline/data/raw/m4b-douglas-water-tiled/douglas-co-flowline-pages/page-0095.json,d29c707ac7caf58de8ae1112186fb30ac2b5c6eaf46f085bab4dd12a3e1d97c1,False,not applicable
v2/pipeline/data/raw/m4b-douglas-water-tiled/douglas-co-flowline-pages/page-0096.json,0cbfa788377db9bdc22766938b6a259255a83eab15eb8070cbd3b8cf1bb4ac28,False,not applicable
v2/pipeline/data/raw/m4b-douglas-water-tiled/douglas-co-flowline-pages/page-0097.json,2b1d5b6f891a3696aa76613dd74e10b48a6d2400c8f9670a2b67c3df9b2ba979,False,not applicable
v2/pipeline/data/raw/m4b-douglas-water-tiled/douglas-co-flowline-pages/page-0098.json,4df3825e39ba8d7981e937b708c0038e3d279053d5f663aba1a32c84b5636feb,False,not applicable
v2/pipeline/data/raw/m4b-douglas-water-tiled/douglas-co-flowline-pages/page-0099.json,6c5e76aed6c840a5792ffad40bec12cb9bc7d3a53d1ea7766e872259849b1cf0,False,not applicable
v2/pipeline/data/raw/m4b-douglas-water-tiled/douglas-co-flowline-pages/page-0100.json,12a087236f3cce0972da32250974ed9a1c69ec509945ae5a814839b55774a641,False,not applicable
v2/pipeline/data/raw/m4b-douglas-water-tiled/douglas-co-flowline-pages/page-0101.json,0e904c89b307c94a8b049d4c1acaee2c8fd5d09ed4f6f95fee01c21aed180e18,False,not applicable
v2/pipeline/data/raw/m4b-douglas-water-tiled/douglas-co-flowline-pages/page-0102.json,3cf0fbbf5a15bbe9a8923ec3d076ca7e24396979b70caa5183d6766d9dc9657e,False,not applicable
v2/pipeline/data/raw/m4b-douglas-water-tiled/douglas-co-flowline-pages/page-0103.json,8dd58410221268ae1ff4f0fa1350bf75dc1fd87bf57459f7f49024967f7e67e9,False,not applicable
v2/pipeline/data/raw/m4b-douglas-water-tiled/douglas-co-flowline-pages/page-0104.json,5a7d901254b6c8c73c21742f98da7b09fae85bf0b3b77e1fa269e2c292c27476,False,not applicable
v2/pipeline/data/raw/m4b-douglas-water-tiled/douglas-co-flowline-pages/page-0105.json,f7eb68351675ce64d0bba7dace82f5d5d3feac658207c2904d7d178c66443148,False,not applicable
v2/pipeline/data/raw/m4b-douglas-water-tiled/douglas-co-flowline-pages/page-0106.json,d9c713e7ed23cf80ff61d20674931d2b8c3c1f4204e7f68a8cadfe61f364da77,False,not applicable
v2/pipeline/data/raw/m4b-douglas-water-tiled/douglas-co-flowline-pages/page-0107.json,bb73ebfe09c65498c25b9e3ff167ed7cda66f5957fb77949460f20ecc6d47d60,False,not applicable
v2/pipeline/data/raw/m4b-douglas-water-tiled/douglas-co-flowline-pages/page-0108.json,daf6ccaf629c6cdd7c97a7df5cfe13989f2697b26c3fecd73a683a290e1e8e80,False,not applicable
v2/pipeline/data/raw/m4b-douglas-water-tiled/douglas-co-flowline-pages/page-0109.json,c0db6313c4464508c18f40f145721efad512a557574b983dbaf22c28e2f23a5a,False,not applicable
v2/pipeline/data/raw/m4b-douglas-water-tiled/douglas-co-flowline-pages/page-0110.json,3eed07bf36f5212b897bcdef034062b34c323eba3a6ac6f0ac343e52955bdb62,False,not applicable
v2/pipeline/data/raw/m4b-douglas-water-tiled/douglas-co-flowline-pages/page-0111.json,9a88bd7fee2cf2b870ca75b854c6e4472ff79f8b5bf6ac00f0b6afc996c3389a,False,not applicable
v2/pipeline/data/raw/m4b-douglas-water-tiled/douglas-co-flowline-pages/page-0112.json,54c11fc582bc631a9500785bcf35c15af248fba5806be011355548d74102dc6a,False,not applicable
v2/pipeline/data/raw/m4b-douglas-water-tiled/douglas-co-flowline-pages/page-0113.json,7f8d333f04487fbbfde949f89ca44cf4ba46c3b3dcdb58e11db22efbdcfea5f3,False,not applicable
v2/pipeline/data/raw/m4b-douglas-water-tiled/douglas-co-flowline-pages/page-0114.json,04b4c506e51e280682ef468be535d509f4649ece6ee5c2578dd7a9959ab3a622,False,not applicable
v2/pipeline/data/raw/m4b-douglas-water-tiled/douglas-co-flowline-pages/page-0115.json,cd5b510b7284c92a096e162c0e31711cc0f879ec8aff1b64101283d5ac97b8f0,False,not applicable
v2/pipeline/data/raw/m4b-douglas-water-tiled/douglas-co-flowline-pages/page-0116.json,d4b057d2d8241d8b79e9c8afc43455022adc04f9f3fb78fe86f45de76501635e,False,not applicable
v2/pipeline/data/raw/m4b-douglas-water-tiled/douglas-co-flowline-pages/page-0117.json,ef9cc13fe26efb52d5b6302f5708e8ff7c75d76240f94ed99c0ba5fd6da3d590,False,not applicable
v2/pipeline/data/raw/m4b-douglas-water-tiled/douglas-co-flowline-pages/page-0118.json,151a5572321b1a89e0a0de0de792ef90b27ab868dabe017fa284d4153d176daf,False,not applicable
v2/pipeline/data/raw/m4b-douglas-water-tiled/douglas-co-flowline-pages/page-0119.json,42f4e2d6f602af4a42aded4848dbc7fb95b55918f1cadc17c27f468482ea1613,False,not applicable
v2/pipeline/data/raw/m4b-douglas-water-tiled/douglas-co-flowline-pages/page-0120.json,b21528ac67c9414e11aa5f6fd5b37560d2e8babc2887525b997b463a5c3ab7a5,False,not applicable
v2/pipeline/data/raw/m4b-douglas-water-tiled/douglas-co-flowline-pages/page-0121.json,e48a79dc66db0b8f531a80ae4e9e57ffba06edf2d41b57ae356d6310cbd8582f,False,not applicable
v2/pipeline/data/raw/m4b-douglas-water-tiled/douglas-co-flowline-pages/page-0122.json,0a56bf1ee19717c2e649e5ff6e5e991853c25777625133dc0b8dc75d7235458c,False,not applicable
v2/pipeline/data/raw/m4b-douglas-water-tiled/douglas-co-flowline-pages/page-0123.json,d1737ebf66580fa5e0cec449440bb7d94b44e33d825d65f4f4b965145686214f,False,not applicable
v2/pipeline/data/raw/m4b-douglas-water-tiled/douglas-co-flowline-pages/page-0124.json,25695ab810f6ee5442d6f898509bc68901b04b0709f4da736257a3a2dba0ebab,False,not applicable
v2/pipeline/data/raw/m4b-douglas-water-tiled/douglas-co-flowline-pages/page-0125.json,6a31456297265c9347525ef6480c495223724db69fd2974e14f0118054d5b346,False,not applicable
v2/pipeline/data/raw/m4b-douglas-water-tiled/douglas-co-flowline-pages/page-0126.json,f53d0e582efce7f848fec3147f7533acb7a2e76fac093b2e4cfa74c6e1259773,False,not applicable
v2/pipeline/data/raw/m4b-douglas-water-tiled/douglas-co-flowline-pages/page-0127.json,d33f88cfe11e0282e01b063ffe3be45377b32e1c462fe6d4a3768cbdfba2b398,False,not applicable
v2/pipeline/data/raw/m4b-douglas-water-tiled/douglas-co-flowline-pages/page-0128.json,3b83aa172bb5e38919c4235b33cca51b761de8250877a742f7865fc01b21a933,False,not applicable
v2/pipeline/data/raw/m4b-douglas-water-tiled/douglas-co-flowline-pages/page-0129.json,0067f40d1aa9345135b2cf86a51e3c7b334db1680f6da1fd67941e8e3167ef0c,False,not applicable
v2/pipeline/data/raw/m4b-douglas-water-tiled/douglas-co-flowline-pages/page-0130.json,a08bde4b6d2a4aab9e7ca89739be59ac1065f2399cce2e5cded5358b9cad9781,False,not applicable
v2/pipeline/data/raw/m4b-douglas-water-tiled/douglas-co-flowline-pages/page-0131.json,7c87d10caa68288f4ac7fcf34c8130e46782b142b30755d740f9bff9ff7207d0,False,not applicable
v2/pipeline/data/raw/m4b-douglas-water-tiled/douglas-co-flowline-pages/page-0132.json,2db279825d960babd971fe0fef3aeb2e9b71b4f294ad8a7b815eed6f40e734d9,False,not applicable
v2/pipeline/data/raw/m4b-douglas-water-tiled/douglas-co-flowline-pages/page-0133.json,c288921a58a85ec7819b316ce5a16868a7a3389bdc63c35a485e6d6cfac33207,False,not applicable
v2/pipeline/data/raw/m4b-douglas-water-tiled/douglas-co-flowline-pages/page-0134.json,baf26c8eb465c3dd370c985cdfc5b2ef171b8a9cd96d01334b115493d67ec39f,False,not applicable
v2/pipeline/data/raw/m4b-douglas-water-tiled/douglas-co-flowline-pages/page-0135.json,709decb75284f41bc38dc9c97bda3dbf4d451fc37e6c9d833bbf637566df86bb,False,not applicable
v2/pipeline/data/raw/m4b-douglas-water-tiled/douglas-co-flowline-pages/page-0136.json,f4d77804f3ab638ec6ea361d266c824c40ab68aa14c83f72c524a89376eae9cb,False,not applicable
v2/pipeline/data/raw/m4b-douglas-water-tiled/douglas-co-flowline-pages/page-0137.json,f18b51419c87091f5d679de61d9fabbc92ec187ec2184fead1838bdd885901ae,False,not applicable
v2/pipeline/data/raw/m4b-douglas-water-tiled/douglas-co-flowline-pages/page-0138.json,dd4b695f1103196c0a5ee1146c25254c04faafb232d2cabf3d34d2f7946f6857,False,not applicable
v2/pipeline/data/raw/m4b-douglas-water-tiled/douglas-co-flowline-pages/page-0139.json,c3ec8ba5d6fa555935674541d0da6ae128d05875b884bf5b833740a3deb0a3c8,False,not applicable
v2/pipeline/data/raw/m4b-douglas-water-tiled/douglas-co-flowline-pages/page-0140.json,517627fda3ac58a66f0205521d68a9836dc365e53a682dd2b7250fbecd4cb32f,False,not applicable
v2/pipeline/data/raw/m4b-douglas-water-tiled/douglas-co-flowline-pages/page-0141.json,a2ecfab3da3ad6e9b5360c2984b73c98f59baf23604c9c9f559ad8e7bb210c1d,False,not applicable
v2/pipeline/data/raw/m4b-douglas-water-tiled/douglas-co-flowline-pages/page-0142.json,8262588e4bd4cc41d37988ef8bcf0f0441b80ecc92d74f0b34c79be8e03dcb88,False,not applicable
v2/pipeline/data/raw/m4b-douglas-water-tiled/douglas-co-flowline-pages/page-0143.json,d9d9782abba836558f27c95daba4e1aca4871b5b1caacc61d2ba7981a7b3cf9b,False,not applicable
v2/pipeline/data/raw/m4b-douglas-water-tiled/douglas-co-flowline-pages/page-0144.json,8913a3fb90df98a3238471f1e6e9b52007692937faafd2b551fc4f626859908a,False,not applicable
v2/pipeline/data/raw/m4b-douglas-water-tiled/douglas-co-flowline-pages/page-0145.json,c0b3281e928d39a474d6cc8fec8d1fb3256277398701aec057812c2cbae023ac,False,not applicable
v2/pipeline/data/raw/m4b-douglas-water-tiled/douglas-co-flowline-pages/page-0146.json,05073c2238cf530b8421ee5dddc7958fb5316a8ad3af03e078545c7f85e64f7b,False,not applicable
v2/pipeline/data/raw/m4b-douglas-water-tiled/douglas-co-flowline-pages/page-0147.json,67295787497f806c2694c406760e1446f77b055931f57e62777bd0b3fde9525c,False,not applicable
v2/pipeline/data/raw/m4b-douglas-water-tiled/douglas-co-flowline-pages/page-0148.json,ceacda3bf1830ed086bfba0502554fca5e5f7e1c28cac3248f56d5c95e728d77,False,not applicable
v2/pipeline/data/raw/m4b-douglas-water-tiled/douglas-co-flowline-pages/page-0149.json,e3a6fb71e40eb2a99fdf1ebf5d336012e110ea8d00e655b1b173d32354f27d88,False,not applicable
v2/pipeline/data/raw/m4b-douglas-water-tiled/douglas-co-flowline-pages/page-0150.json,9bf95356e3011d067d9d819845fda21eb75fd6cc355ae096eeb8758589b8a0d7,False,not applicable
v2/pipeline/data/raw/m4b-douglas-water-tiled/douglas-co-flowline-pages/page-0151.json,2d140e38a58d5bd46e620739d250a87372c7ad3ed4a7ca666d76962f55e815b1,False,not applicable
v2/pipeline/data/raw/m4b-douglas-water-tiled/douglas-co-waterbody-pages/page-0001.json,86461b48f636c2682971b246fb6b44997061de6add57eec793ed6e91401017cf,False,not applicable
v2/pipeline/data/raw/m4b-douglas-water-tiled/douglas-co-waterbody-pages/page-0002.json,fd410624e37ed7feebb49084bdfb682a8e4aa3559ae0933ebfab2c742674c1be,False,not applicable
v2/pipeline/data/raw/m4b-douglas-water-tiled/douglas-co-waterbody-pages/page-0003.json,9bba1d5c32341174ed31d05f981bbc9c77141914ed022ebb16523c20e55e4a7d,False,not applicable
v2/pipeline/data/raw/m4b-douglas-water-tiled/douglas-co-waterbody-pages/page-0004.json,fbd39da7e8450e418b145dcf0cf32964f534e5ee6b780c6501a3dae52b929ce4,False,not applicable
v2/pipeline/data/raw/m4b-douglas-water-tiled/douglas-co-waterbody-pages/page-0005.json,30fbc9525b38f890498d7a6332d9a539dedbd9f48ebdf7a224715bad1548a13f,False,not applicable
v2/pipeline/data/raw/m4b-douglas-water-tiled/douglas-co-waterbody-pages/page-0006.json,2d68f2d564735de044db97d15c4c363018329cfd0de53e865894d71f3aa6f9db,False,not applicable
v2/pipeline/data/raw/m4b-douglas-water-tiled/douglas-co-waterbody-pages/page-0007.json,9b3f764ee7b68e9bcf0cd6b9d6592eadb3bdb2de4083332bd5953b913f7471a7,False,not applicable
v2/pipeline/data/raw/m4b-douglas-water-tiled/douglas-co-waterbody-pages/page-0008.json,33c89c32641cbfa5d10d09a333b81145e7fff28785a640b7779b437f8fa4219a,False,not applicable
v2/pipeline/data/raw/m4b-douglas-water-tiled/douglas-co-waterbody-pages/page-0009.json,1507f3d83612f435f1fc5f4f0c29337599bf0f49c6234c6b9414e05e011ada17,False,not applicable
v2/pipeline/data/raw/m4b-douglas-water-tiled/douglas-co-waterbody-pages/page-0010.json,c83ffe74f2b5dcb2ed05823fb2c82e069e9127f3e32d2c08cea80eadcf67f9c6,False,not applicable
