layer,id,name,source_id,classification,id_equal,name_equal,ftype_equal,fcode_equal,topologically_equal,exact_geometry_equal,old_equal_to_new_county_clip,old_geometry_type,new_geometry_type,lost_length_km,gained_length_km,lost_area_square_degrees,gained_area_square_degrees
waterways,nhd-117795343,South Platte River,117795343,NOT EXPLAINED,True,True,True,True,False,False,True,MultiLineString,LineString,0.12410442921523496,0.769733366835437,,
waterways,nhd-117795775,South Platte River,117795775,NOT EXPLAINED,True,True,True,True,False,False,True,LineString,LineString,0.03799277552907148,0.5653587892421409,,
waterways,nhd-117795889,South Platte River,117795889,NOT EXPLAINED,True,True,True,True,False,False,True,LineString,LineString,0.010677411757346524,0.013213625535315918,,
waterways,nhd-117796115,South Platte River,117796115,NOT EXPLAINED,True,True,True,True,False,False,True,LineString,LineString,0.020023180290862776,0.6223346777892765,,
waterways,nhd-117796301,South Platte River,117796301,NOT EXPLAINED,True,True,True,True,False,False,True,LineString,LineString,0.049424044195578186,0.14311268290933082,,
waterways,nhd-117796539,South Platte River,117796539,NOT EXPLAINED,True,True,True,True,False,False,True,LineString,LineString,0.02474054503428372,0.1687782704554169,,
waterways,nhd-117799915,East Plum Creek,117799915,NOT EXPLAINED,True,True,True,True,False,False,True,LineString,LineString,0.0049206659078209,0.1527089556915246,,
waterways,nhd-117799993,Trout Creek,117799993,NOT EXPLAINED,True,True,True,True,False,False,True,LineString,LineString,0.0009288655476250154,0.5564555918104843,,
waterways,nhd-117804895,South Platte River,117804895,NOT EXPLAINED,True,True,True,True,False,False,True,LineString,LineString,0.05130696046756829,0.3138728151407694,,
waterways,nhd-117804939,Pine Creek,117804939,NOT EXPLAINED,True,True,True,True,False,False,True,LineString,LineString,0.007885664129974745,0.009140973164635385,,
waterways,nhd-117804977,South Platte River,117804977,NOT EXPLAINED,True,True,True,True,False,False,True,LineString,LineString,0.001656128736844923,0.3037419855142758,,
waterways,nhd-117805045,South Platte River,117805045,NOT EXPLAINED,True,True,True,True,False,False,True,LineString,LineString,0.0008604899532028688,0.203369985180694,,
waterways,nhd-117805057,Sugar Creek,117805057,NOT EXPLAINED,True,True,True,True,False,False,True,LineString,LineString,0.01340823964035918,0.015521449543064433,,
waterways,nhd-117805101,South Platte River,117805101,NOT EXPLAINED,True,True,True,True,False,False,True,MultiLineString,LineString,0.11481482926204563,0.5768820168753342,,
waterways,nhd-117805109,South Platte River,117805109,NOT EXPLAINED,True,True,True,True,False,False,True,LineString,LineString,0.02491879411827399,0.150215161039335,,
waterways,nhd-117805119,South Platte River,117805119,NOT EXPLAINED,True,True,True,True,False,False,True,MultiLineString,LineString,0.18159134056372805,0.49758047642108805,,
waterways,nhd-117805125,South Platte River,117805125,NOT EXPLAINED,True,True,True,True,False,False,True,LineString,LineString,0.0005405007890473943,0.03664908096280383,,
waterways,nhd-117809941,South Platte River,117809941,NOT EXPLAINED,True,True,True,True,False,False,True,LineString,LineString,0.03382481545492662,0.5633761652467174,,
waterways,nhd-117816671,Willow Creek,117816671,NOT EXPLAINED,True,True,True,True,False,False,True,LineString,LineString,0.039973394958057545,0.5668472259322599,,
waterways,nhd-117816789,Big Dry Creek,117816789,NOT EXPLAINED,True,True,True,True,False,False,True,LineString,LineString,0.017322991314537784,1.0699307982564297,,
waterways,nhd-117816831,Highline Canal,117816831,NOT EXPLAINED,True,True,True,True,False,False,True,LineString,LineString,0.00578207327286766,0.8977462183262657,,
waterways,nhd-117819565,Willow Creek,117819565,NOT EXPLAINED,True,True,True,True,False,False,True,LineString,LineString,0.0005411775429841393,0.013519065844511853,,
waterways,nhd-117819751,Denver Municipal Aqueduct,117819751,NOT EXPLAINED,True,True,True,True,False,False,True,LineString,LineString,0.0574013411002337,0.13714972789636792,,
waterways,nhd-117820985,South Platte River,117820985,NOT EXPLAINED,True,True,True,True,False,False,True,LineString,LineString,0.03105253828851322,0.11800834571143583,,
waterways,nhd-117822433,Cook Creek,117822433,NOT EXPLAINED,True,True,True,True,False,False,True,LineString,LineString,0.0009007493615008421,0.3153821206526387,,
waterways,nhd-117823701,South Platte River,117823701,NOT EXPLAINED,True,True,True,True,False,False,True,LineString,LineString,0.02020694363154586,0.5819056404235127,,
waterways,nhd-117823703,South Platte River,117823703,NOT EXPLAINED,True,True,True,True,False,False,True,LineString,LineString,0.012515403715687675,0.4309655846596185,,
waterways,nhd-117823713,South Platte River,117823713,NOT EXPLAINED,True,True,True,True,False,False,True,LineString,LineString,0.07543741483205298,0.21821955292101108,,
waterways,nhd-117823715,South Platte River,117823715,NOT EXPLAINED,True,True,True,True,False,False,True,LineString,LineString,0.2146955249352554,0.4013357996096045,,
waterways,nhd-117823721,South Platte River,117823721,NOT EXPLAINED,True,True,True,True,False,False,True,LineString,LineString,0.2237703913225188,0.5970709161669732,,
waterways,nhd-117823723,South Platte River,117823723,NOT EXPLAINED,True,True,True,True,False,False,True,MultiLineString,LineString,0.17957328642232043,0.5615600384834016,,
waterways,nhd-117823725,South Platte River,117823725,NOT EXPLAINED,True,True,True,True,False,False,True,MultiLineString,LineString,0.10686815498283013,0.6509820845781782,,
waterways,nhd-117823733,South Platte River,117823733,NOT EXPLAINED,True,True,True,True,False,False,True,LineString,LineString,0.0704344949851093,0.20938546060703062,,
waterways,nhd-117836321,Bear Creek,117836321,NOT EXPLAINED,True,True,True,True,False,False,True,LineString,LineString,0.020542889562804707,0.08097713803016901,,
waterways,nhd-117836327,South Platte River,117836327,NOT EXPLAINED,True,True,True,True,False,False,True,LineString,LineString,0.04705859531320356,0.2672237620962667,,
waterways,nhd-117836353,South Platte River,117836353,NOT EXPLAINED,True,True,True,True,False,False,True,LineString,LineString,0.02920938466343126,0.13461929214433482,,
waterways,nhd-117836361,South Platte River,117836361,NOT EXPLAINED,True,True,True,True,False,False,True,LineString,LineString,0.00016268561918541388,0.17192077835052372,,
waterways,nhd-117836407,South Platte River,117836407,NOT EXPLAINED,True,True,True,True,False,False,True,MultiLineString,LineString,0.04216804385383302,0.1814478648541861,,
waterways,nhd-117836427,South Platte River,117836427,NOT EXPLAINED,True,True,True,True,False,False,True,LineString,LineString,0.07491365909603852,0.33074937195449833,,
waterways,nhd-117836577,South Platte River,117836577,NOT EXPLAINED,True,True,True,True,False,False,True,LineString,LineString,0.0016279530467825064,0.07160393417262563,,
waterways,nhd-117836589,South Platte River,117836589,NOT EXPLAINED,True,True,True,True,False,False,True,LineString,LineString,0.03267373698309278,0.33155653741496294,,
waterways,nhd-117836591,South Platte River,117836591,NOT EXPLAINED,True,True,True,True,False,False,True,LineString,LineString,0.0064680894112429535,0.16455503531392793,,
waterways,nhd-117836661,South Platte River,117836661,NOT EXPLAINED,True,True,True,True,False,False,True,LineString,LineString,0.004676632221406704,0.3643856075438002,,
waterways,nhd-117845903,Turkey Creek,117845903,NOT EXPLAINED,True,True,True,True,False,False,True,LineString,LineString,0.0024515933135969155,0.042497924228444076,,
waterways,nhd-117845971,Fourmile Creek,117845971,NOT EXPLAINED,True,True,True,True,False,False,True,LineString,LineString,0.0032844591692437457,0.013354877047417653,,
waterways,nhd-120647444,Cherry Creek,120647444,NOT EXPLAINED,True,True,True,True,False,False,True,LineString,LineString,0.009638761570378887,0.5219409283016836,,
waterways,nhd-120647466,Cottonwood Creek,120647466,NOT EXPLAINED,True,True,True,True,False,False,True,LineString,LineString,0.010710909880117197,0.3108620812274692,,
waterways,nhd-120647478,Happy Canyon Creek,120647478,NOT EXPLAINED,True,True,True,True,False,False,True,LineString,LineString,0.10692566209191091,0.6878754264400552,,
waterways,nhd-120647496,Piney Creek,120647496,NOT EXPLAINED,True,True,True,True,False,False,True,LineString,LineString,0.05557646208195519,0.07656028018071698,,
waterways,nhd-120648341,Coal Creek,120648341,NOT EXPLAINED,True,True,True,True,False,False,True,LineString,LineString,0.00589173468563237,0.018346813928625378,,
waterways,nhd-120648830,Coal Creek,120648830,NOT EXPLAINED,True,True,True,True,False,False,True,LineString,LineString,0.013990048683423633,0.44600753158743206,,
waterways,nhd-120649182,Coal Creek,120649182,NOT EXPLAINED,True,True,True,True,False,False,True,LineString,LineString,0.0011915185161116993,0.1968658589408677,,
waterways,nhd-120651306,East Cherry Creek,120651306,NOT EXPLAINED,True,True,True,True,False,False,True,LineString,LineString,0.0037009199542423206,0.07400314460245142,,
waterways,nhd-120651516,West Cherry Creek,120651516,NOT EXPLAINED,True,True,True,True,False,False,True,LineString,LineString,0.006560298352818457,0.023431868494259992,,
waterways,nhd-120651533,Elk Creek,120651533,NOT EXPLAINED,True,True,True,True,False,False,True,LineString,LineString,0.03986746105488497,0.25677740358907036,,
waterways,nhd-120651557,East Cherry Creek,120651557,NOT EXPLAINED,True,True,True,True,False,False,True,LineString,LineString,0.007281067180255006,0.8999040732149646,,
waterways,nhd-160696304,South Platte River,160696304,NOT EXPLAINED,True,True,True,True,False,False,True,LineString,LineString,0.003273233179176869,0.005940985208091562,,
waterways,nhd-160709835,South Platte River,160709835,NOT EXPLAINED,True,True,True,True,False,False,True,LineString,LineString,0.0005910341896984134,0.12717051107013325,,
waterways,nhd-160712256,South Platte River,160712256,NOT EXPLAINED,True,True,True,True,False,False,True,LineString,LineString,0.020622464236386768,0.119752926201488,,
waterways,nhd-160712319,South Platte River,160712319,NOT EXPLAINED,True,True,True,True,False,False,True,MultiLineString,LineString,0.090611675461921,0.3109212575192123,,
waterways,nhd-160712400,South Platte River,160712400,NOT EXPLAINED,True,True,True,True,False,False,True,LineString,LineString,0.059081457758431766,0.17670686956457746,,
waterways,nhd-160712441,Little Turkey Creek,160712441,NOT EXPLAINED,True,True,True,True,False,False,True,LineString,LineString,0.0005883229196269702,0.10578994952167278,,
waterways,nhd-160713203,West Creek,160713203,NOT EXPLAINED,True,True,True,True,False,False,True,LineString,LineString,0.0007578936921399093,0.20609449165303442,,
waterways,nhd-160715449,Trail Creek,160715449,NOT EXPLAINED,True,True,True,True,False,False,True,LineString,LineString,0.006469381414301038,0.061589705339789046,,
waterways,nhd-160717074,South Platte River,160717074,NOT EXPLAINED,True,True,True,True,False,False,True,LineString,LineString,0.03583077636971446,0.0701805647207621,,
waterways,nhd-160717852,Carpenter Creek,160717852,NOT EXPLAINED,True,True,True,True,False,False,True,LineString,LineString,0.009455684893297022,0.16623885873067037,,
waterways,nhd-160723985,South Platte River,160723985,NOT EXPLAINED,True,True,True,True,False,False,True,LineString,LineString,0.06698230659263833,0.2875557056081091,,
waterways,nhd-160726606,South Platte River,160726606,NOT EXPLAINED,True,True,True,True,False,False,True,LineString,LineString,0.0006768110292643993,0.10035029693346291,,
waterways,nhd-160730162,South Platte River,160730162,NOT EXPLAINED,True,True,True,True,False,False,True,LineString,LineString,0.029707372596370556,0.5286078876561144,,
waterways,nhd-160730865,South Platte River,160730865,NOT EXPLAINED,True,True,True,True,False,False,True,LineString,LineString,0.025942733717642004,0.0694551072132764,,
waterways,nhd-160731242,South Platte River,160731242,NOT EXPLAINED,True,True,True,True,False,False,True,LineString,LineString,0.12346294431658658,0.5296594069233395,,
waterways,nhd-160733149,South Platte River,160733149,NOT EXPLAINED,True,True,True,True,False,False,True,LineString,LineString,0.010291916422244316,0.18420594570810672,,
waterways,nhd-160733596,South Platte River,160733596,NOT EXPLAINED,True,True,True,True,False,False,True,LineString,LineString,0.020363479906599462,0.03354830019965198,,
waterways,nhd-160733822,South Platte River,160733822,NOT EXPLAINED,True,True,True,True,False,False,True,LineString,LineString,0.03864677503000034,0.17318742102963244,,
waterways,nhd-160733853,South Platte River,160733853,NOT EXPLAINED,True,True,True,True,False,False,True,MultiLineString,LineString,0.10867886004794475,0.8027398289829943,,
waterways,nhd-160735615,South Platte River,160735615,NOT EXPLAINED,True,True,True,True,False,False,True,LineString,LineString,0.05281735541571344,0.3245150663961553,,
waterways,nhd-160740445,South Platte River,160740445,NOT EXPLAINED,True,True,True,True,False,False,True,MultiLineString,LineString,0.04793845552853576,0.06005826328036255,,
waterways,nhd-160740446,South Platte River,160740446,NOT EXPLAINED,True,True,True,True,False,False,True,LineString,LineString,0.0019533198734591794,0.062019430994511175,,
waterways,nhd-160742292,South Platte River,160742292,NOT EXPLAINED,True,True,True,True,False,False,True,LineString,LineString,0.0007022622113318967,0.03588461694567749,,
waterways,nhd-160745940,South Platte River,160745940,NOT EXPLAINED,True,True,True,True,False,False,True,LineString,LineString,0.050748413634356664,0.1485359133982878,,
waterways,nhd-160749310,South Platte River,160749310,NOT EXPLAINED,True,True,True,True,False,False,True,LineString,LineString,0.06683003041939417,0.3219381249339567,,
waterways,nhd-160749926,South Platte River,160749926,NOT EXPLAINED,True,True,True,True,False,False,True,LineString,LineString,0.16064761272261432,0.22737164334590818,,
waterways,nhd-160749944,South Platte River,160749944,NOT EXPLAINED,True,True,True,True,False,False,True,LineString,LineString,0.006985153069561122,0.23701676187683757,,
waterways,nhd-160749998,South Platte River,160749998,NOT EXPLAINED,True,True,True,True,False,False,True,LineString,LineString,0.03426230335468801,0.09723574518793163,,
waterways,nhd-160750041,South Platte River,160750041,NOT EXPLAINED,True,True,True,True,False,False,True,MultiLineString,LineString,0.08920619421252601,0.34543410520227547,,
waterways,nhd-160750098,South Platte River,160750098,NOT EXPLAINED,True,True,True,True,False,False,True,LineString,LineString,0.00014366938553607298,0.04044013384072739,,
waterways,nhd-160750099,South Platte River,160750099,NOT EXPLAINED,True,True,True,True,False,False,True,LineString,LineString,0.04376326580719481,0.10126064443418294,,
waterways,nhd-160751125,South Platte River,160751125,NOT EXPLAINED,True,True,True,True,False,False,True,LineString,LineString,0.09434505388416005,0.15372596359330548,,
waterways,nhd-160751126,South Platte River,160751126,NOT EXPLAINED,True,True,True,True,False,False,True,LineString,LineString,0.025002944449105658,0.030101833240370364,,
waterways,nhd-160751728,South Platte River,160751728,NOT EXPLAINED,True,True,True,True,False,False,True,MultiLineString,LineString,0.04126714623606486,0.10156032317733305,,
waterways,nhd-160751848,South Platte River,160751848,NOT EXPLAINED,True,True,True,True,False,False,True,LineString,LineString,0.00043646564312791304,0.007364703561489362,,
waterways,nhd-160755865,City Ditch,160755865,NOT EXPLAINED,True,True,True,True,False,False,True,LineString,LineString,0.005402999940458771,0.6305058488747294,,
waterways,nhd-a7643fef-be8b-411f-b198-baedc135a05e,East Cherry Creek,a7643fef-be8b-411f-b198-baedc135a05e,NOT EXPLAINED,True,True,True,True,False,False,True,LineString,LineString,0.038842641715074434,0.10137109377977788,,
waterways,nhd-f2599b28-7348-4f0f-8107-a0bca80e96c0,Heiser Ditch,f2599b28-7348-4f0f-8107-a0bca80e96c0,NOT EXPLAINED,True,True,True,True,False,False,True,LineString,LineString,0.04116065634956255,0.12014852052098626,,
waterbodies,nhd-117822697,McLellan Reservoir,117822697,NOT EXPLAINED,True,True,True,True,False,False,True,Polygon,MultiPolygon,,,0.0,6.168472076512295e-05
waterbodies,nhd-117822701,,117822701,NOT EXPLAINED,True,True,True,True,False,False,True,Polygon,Polygon,,,0.0,4.324802607779188e-07
waterbodies,nhd-117822709,,117822709,NOT EXPLAINED,True,True,True,True,False,False,True,Polygon,Polygon,,,0.0,1.311594057823947e-06
waterbodies,nhd-117822715,,117822715,NOT EXPLAINED,True,True,True,True,False,False,False,Polygon,Polygon,,,0.0,9.605540942794496e-07
waterbodies,nhd-117822739,Chatfield Lake,117822739,NOT EXPLAINED,True,True,True,True,False,False,True,Polygon,Polygon,,,0.0,0.00018819283361987317
waterbodies,nhd-117822893,Wolhurst Lake,117822893,NOT EXPLAINED,True,True,True,True,False,False,True,Polygon,Polygon,,,0.0,3.3305665830688476e-06
waterbodies,nhd-117822899,,117822899,NOT EXPLAINED,True,True,True,True,False,False,False,Polygon,Polygon,,,0.0,1.5091057511035037e-06
waterbodies,nhd-117834809,Strontia Springs Reservoir,117834809,NOT EXPLAINED,True,True,True,True,False,False,False,MultiPolygon,Polygon,,,2.6428909568904985e-19,2.22078676267777e-05
waterbodies,nhd-120655700,,120655700,NOT EXPLAINED,True,True,True,True,False,False,True,Polygon,Polygon,,,0.0,2.3286098231930802e-07
