layer,metric,source_code,before,after_staged
waterways,ftype,334,1,1
waterways,ftype,336,73,77
waterways,ftype,428,12,14
waterways,ftype,460,2018,2080
waterways,ftype,558,255,562
waterways,fcode,33400,1,1
waterways,fcode,33600,73,76
waterways,fcode,33601,0,1
waterways,fcode,42803,6,6
waterways,fcode,42807,3,5
waterways,fcode,42813,3,3
waterways,fcode,46003,504,532
waterways,fcode,46006,1514,1548
waterways,fcode,55800,255,562
waterbodies,ftype,390,2104,2184
waterbodies,ftype,436,30,35
waterbodies,ftype,466,1,1
waterbodies,fcode,39001,1402,1451
waterbodies,fcode,39004,685,715
waterbodies,fcode,39005,2,2
waterbodies,fcode,39009,8,9
waterbodies,fcode,39011,7,7
waterbodies,fcode,43601,1,1
waterbodies,fcode,43612,6,6
waterbodies,fcode,43613,2,4
waterbodies,fcode,43618,0,1
waterbodies,fcode,43619,1,1
waterbodies,fcode,43624,20,22
waterbodies,fcode,46600,1,1
