layer,id,original_comparator_classification,padded_covers_new_exact,reclip_topologically_equal_exact,reclip_normalized_coordinates_equal_zero_tolerance
waterways,nhd-117795343,NOT EXPLAINED,True,True,True
waterways,nhd-117795775,NOT EXPLAINED,True,True,True
waterways,nhd-117795889,NOT EXPLAINED,True,True,True
waterways,nhd-117796115,NOT EXPLAINED,True,True,True
waterways,nhd-117796301,NOT EXPLAINED,True,True,True
waterways,nhd-117796539,NOT EXPLAINED,True,True,True
waterways,nhd-117799915,NOT EXPLAINED,True,True,True
waterways,nhd-117799993,NOT EXPLAINED,True,True,True
waterways,nhd-117804895,NOT EXPLAINED,True,True,True
waterways,nhd-117804939,NOT EXPLAINED,True,True,True
waterways,nhd-117804977,NOT EXPLAINED,True,True,True
waterways,nhd-117805045,NOT EXPLAINED,True,True,True
waterways,nhd-117805057,NOT EXPLAINED,True,True,True
waterways,nhd-117805101,NOT EXPLAINED,True,True,True
waterways,nhd-117805109,NOT EXPLAINED,True,True,True
waterways,nhd-117805119,NOT EXPLAINED,True,True,True
waterways,nhd-117805125,NOT EXPLAINED,True,True,True
waterways,nhd-117809941,NOT EXPLAINED,True,True,True
waterways,nhd-117816671,NOT EXPLAINED,True,True,True
waterways,nhd-117816789,NOT EXPLAINED,True,True,True
waterways,nhd-117816831,NOT EXPLAINED,False,True,True
waterways,nhd-117819565,NOT EXPLAINED,True,True,True
waterways,nhd-117819751,NOT EXPLAINED,True,True,True
waterways,nhd-117820985,NOT EXPLAINED,True,True,True
waterways,nhd-117822433,NOT EXPLAINED,True,True,True
waterways,nhd-117823701,NOT EXPLAINED,True,True,True
waterways,nhd-117823703,NOT EXPLAINED,True,True,True
waterways,nhd-117823713,NOT EXPLAINED,True,True,True
waterways,nhd-117823715,NOT EXPLAINED,True,True,True
waterways,nhd-117823721,NOT EXPLAINED,True,True,True
waterways,nhd-117823723,NOT EXPLAINED,True,True,True
waterways,nhd-117823725,NOT EXPLAINED,True,True,True
waterways,nhd-117823733,NOT EXPLAINED,True,True,True
waterways,nhd-117836321,NOT EXPLAINED,True,True,True
waterways,nhd-117836327,NOT EXPLAINED,True,True,True
waterways,nhd-117836353,NOT EXPLAINED,True,True,True
waterways,nhd-117836361,NOT EXPLAINED,True,True,True
waterways,nhd-117836407,NOT EXPLAINED,True,True,True
waterways,nhd-117836427,NOT EXPLAINED,True,True,True
waterways,nhd-117836577,NOT EXPLAINED,True,True,True
waterways,nhd-117836589,NOT EXPLAINED,True,True,True
waterways,nhd-117836591,NOT EXPLAINED,True,True,True
waterways,nhd-117836661,NOT EXPLAINED,True,True,True
waterways,nhd-117845903,NOT EXPLAINED,True,True,True
waterways,nhd-117845971,NOT EXPLAINED,True,True,True
waterways,nhd-120647444,NOT EXPLAINED,True,True,True
waterways,nhd-120647466,NOT EXPLAINED,True,True,True
waterways,nhd-120647478,NOT EXPLAINED,True,True,True
waterways,nhd-120647496,NOT EXPLAINED,True,True,True
waterways,nhd-120648341,NOT EXPLAINED,True,True,True
waterways,nhd-120648830,NOT EXPLAINED,True,True,True
waterways,nhd-120649182,NOT EXPLAINED,True,True,True
waterways,nhd-120651306,NOT EXPLAINED,True,True,True
waterways,nhd-120651516,NOT EXPLAINED,True,True,True
waterways,nhd-120651533,NOT EXPLAINED,True,True,True
waterways,nhd-120651557,NOT EXPLAINED,False,True,True
waterways,nhd-160696304,NOT EXPLAINED,True,True,True
waterways,nhd-160709835,NOT EXPLAINED,True,True,True
waterways,nhd-160712256,NOT EXPLAINED,True,True,True
waterways,nhd-160712319,NOT EXPLAINED,True,True,True
waterways,nhd-160712400,NOT EXPLAINED,True,True,True
waterways,nhd-160712441,NOT EXPLAINED,True,True,True
waterways,nhd-160713203,NOT EXPLAINED,True,True,True
waterways,nhd-160715449,NOT EXPLAINED,True,True,True
waterways,nhd-160717074,NOT EXPLAINED,True,True,True
waterways,nhd-160717852,NOT EXPLAINED,True,True,True
waterways,nhd-160723985,NOT EXPLAINED,True,True,True
waterways,nhd-160726606,NOT EXPLAINED,True,True,True
waterways,nhd-160730162,NOT EXPLAINED,True,True,True
waterways,nhd-160730865,NOT EXPLAINED,True,True,True
waterways,nhd-160731242,NOT EXPLAINED,True,True,True
waterways,nhd-160733149,NOT EXPLAINED,True,True,True
waterways,nhd-160733596,NOT EXPLAINED,True,True,True
waterways,nhd-160733822,NOT EXPLAINED,True,True,True
waterways,nhd-160733853,NOT EXPLAINED,True,True,True
waterways,nhd-160735615,NOT EXPLAINED,True,True,True
waterways,nhd-160740445,NOT EXPLAINED,True,True,True
waterways,nhd-160740446,NOT EXPLAINED,True,True,True
waterways,nhd-160742292,NOT EXPLAINED,True,True,True
waterways,nhd-160745940,NOT EXPLAINED,True,True,True
waterways,nhd-160749310,NOT EXPLAINED,True,True,True
waterways,nhd-160749926,NOT EXPLAINED,True,True,True
waterways,nhd-160749944,NOT EXPLAINED,True,True,True
waterways,nhd-160749998,NOT EXPLAINED,True,True,True
waterways,nhd-160750041,NOT EXPLAINED,True,True,True
waterways,nhd-160750098,NOT EXPLAINED,True,True,True
waterways,nhd-160750099,NOT EXPLAINED,True,True,True
waterways,nhd-160751125,NOT EXPLAINED,True,True,True
waterways,nhd-160751126,NOT EXPLAINED,True,True,True
waterways,nhd-160751728,NOT EXPLAINED,True,True,True
waterways,nhd-160751848,NOT EXPLAINED,True,True,True
waterways,nhd-160755865,NOT EXPLAINED,True,True,True
waterways,nhd-a7643fef-be8b-411f-b198-baedc135a05e,NOT EXPLAINED,True,True,True
waterways,nhd-f2599b28-7348-4f0f-8107-a0bca80e96c0,NOT EXPLAINED,True,True,True
waterbodies,nhd-117822697,NOT EXPLAINED,False,True,True
waterbodies,nhd-117822701,NOT EXPLAINED,True,True,True
waterbodies,nhd-117822709,NOT EXPLAINED,True,True,True
waterbodies,nhd-117822715,NOT EXPLAINED,True,True,True
waterbodies,nhd-117822739,NOT EXPLAINED,False,True,True
waterbodies,nhd-117822893,NOT EXPLAINED,True,True,True
waterbodies,nhd-117822899,NOT EXPLAINED,True,True,True
waterbodies,nhd-117834809,NOT EXPLAINED,True,True,True
waterbodies,nhd-120655700,NOT EXPLAINED,True,True,True
waterbodies,nhd-120030962,EXPLAINED,False,True,True
