layer,feature_id,source_id_old,source_id_new,original_comparator_classification,all_raw_source_attributes_identical,unclipped_raw_source_geometry_json_identical,canonical_id_name_type_code_identity_unchanged,old_raw_county_clip_equals_old_canonical_exact,new_raw_county_clip_equals_old_canonical_exact,new_saved_source_padded_clip_equals_stage_exact,new_minus_padded_empty,county_reclip_equals_old_zero_tolerance,county_reclip_coordinates_exact_old_order,old_saved_page,old_page_sha256,new_saved_page,new_page_sha256
waterways,nhd-117795343,117795343,117795343,NOT EXPLAINED,True,True,True,True,True,True,True,True,True,douglas-co-flowline-pages/page-0015.json,dcfdb22cb0677cb9eefdc42c20021fbeb1138e0130d6e2fd6a806d61cd817756,douglas-co-flowline-pages/page-0147.json,67295787497f806c2694c406760e1446f77b055931f57e62777bd0b3fde9525c
waterways,nhd-117795775,117795775,117795775,NOT EXPLAINED,True,True,True,True,True,True,True,True,True,douglas-co-flowline-pages/page-0010.json,fd26ad3b547c74082ebc2c5a3dc79b031ca0c0fe6960ddd1941dd28cfd8095bb,douglas-co-flowline-pages/page-0100.json,12a087236f3cce0972da32250974ed9a1c69ec509945ae5a814839b55774a641
waterways,nhd-117795889,117795889,117795889,NOT EXPLAINED,True,True,True,True,True,True,True,True,True,douglas-co-flowline-pages/page-0011.json,b0ecac54b7c164d3cffd9a969df1264ba0acbd29224d6112ad15e581d9b5340f,douglas-co-flowline-pages/page-0107.json,bb73ebfe09c65498c25b9e3ff167ed7cda66f5957fb77949460f20ecc6d47d60
waterways,nhd-117796115,117796115,117796115,NOT EXPLAINED,True,True,True,True,True,True,True,True,True,douglas-co-flowline-pages/page-0014.json,04a00e5b1c24b4e36af93edff7e8ffb22fc41a947d03399a5d1672d3c8000f12,douglas-co-flowline-pages/page-0138.json,dd4b695f1103196c0a5ee1146c25254c04faafb232d2cabf3d34d2f7946f6857
waterways,nhd-117796301,117796301,117796301,NOT EXPLAINED,True,True,True,True,True,True,True,True,True,douglas-co-flowline-pages/page-0014.json,04a00e5b1c24b4e36af93edff7e8ffb22fc41a947d03399a5d1672d3c8000f12,douglas-co-flowline-pages/page-0138.json,dd4b695f1103196c0a5ee1146c25254c04faafb232d2cabf3d34d2f7946f6857
waterways,nhd-117796539,117796539,117796539,NOT EXPLAINED,True,True,True,True,True,True,True,True,True,douglas-co-flowline-pages/page-0004.json,50604bc9148c86156d0c0edd3200ad9c609a562305b98a22c5b010a465b818ad,douglas-co-flowline-pages/page-0036.json,fcc0320ca6ae72336747e2a11ee71ffa3ea682a0e3db5e28b3de09ca1f36fc2b
waterways,nhd-117799915,117799915,117799915,NOT EXPLAINED,True,True,True,True,True,True,True,True,True,douglas-co-flowline-pages/page-0012.json,8136af7fea13afb294816cd3f00b3c9cd15af8a43a917f46a22feeb9b1fc846d,douglas-co-flowline-pages/page-0116.json,d4b057d2d8241d8b79e9c8afc43455022adc04f9f3fb78fe86f45de76501635e
waterways,nhd-117799993,117799993,117799993,NOT EXPLAINED,True,True,True,True,True,True,True,True,True,douglas-co-flowline-pages/page-0009.json,2f03e800cfe8926de025290cb739091dc5b38e0e41f39e474002d41490137100,douglas-co-flowline-pages/page-0089.json,b8fa487845cb31e617a9c5b81e6bd6fa7b99e7ef963ba450b13d06bde1bdb7f3
waterways,nhd-117804895,117804895,117804895,NOT EXPLAINED,True,True,True,True,True,True,True,True,True,douglas-co-flowline-pages/page-0002.json,57725850c593d5bee73f341d5589019695d28723c6c28e49b72db5c1361a3d9a,douglas-co-flowline-pages/page-0014.json,d1b4d0c64da60d9dc57840f9beb2141988ff0f8a450fd58b8c7cf4bd0ddb6507
waterways,nhd-117804939,117804939,117804939,NOT EXPLAINED,True,True,True,True,True,True,True,True,True,douglas-co-flowline-pages/page-0012.json,8136af7fea13afb294816cd3f00b3c9cd15af8a43a917f46a22feeb9b1fc846d,douglas-co-flowline-pages/page-0121.json,e48a79dc66db0b8f531a80ae4e9e57ffba06edf2d41b57ae356d6310cbd8582f
waterways,nhd-117804977,117804977,117804977,NOT EXPLAINED,True,True,True,True,True,True,True,True,True,douglas-co-flowline-pages/page-0007.json,8f2936ee2dd47bfe654dfb8aa61d235e15bf1dce4a4822d4dcb99981d0975b27,douglas-co-flowline-pages/page-0072.json,26aad2e4b90a52faf0bc8a0a72189150b7ce71cf8304ca7d6fe4a714bd1181c8
waterways,nhd-117805045,117805045,117805045,NOT EXPLAINED,True,True,True,True,True,True,True,True,True,douglas-co-flowline-pages/page-0003.json,efc23c37999cdfa3e5fe7db056f5fa6711989083153236d1c307e09ffec9be4e,douglas-co-flowline-pages/page-0031.json,44e2eca3ce4eb759595c219a7e6ed90e58c85574518d09c0aea1343dc11d1f62
waterways,nhd-117805057,117805057,117805057,NOT EXPLAINED,True,True,True,True,True,True,True,True,True,douglas-co-flowline-pages/page-0010.json,fd26ad3b547c74082ebc2c5a3dc79b031ca0c0fe6960ddd1941dd28cfd8095bb,douglas-co-flowline-pages/page-0098.json,4df3825e39ba8d7981e937b708c0038e3d279053d5f663aba1a32c84b5636feb
waterways,nhd-117805101,117805101,117805101,NOT EXPLAINED,True,True,True,True,True,True,True,True,True,douglas-co-flowline-pages/page-0006.json,de65bf45ccfe035d500cc215a9e6adca07f174e0d98413b22eec41f5ed7da5f4,douglas-co-flowline-pages/page-0053.json,2defd3c3856a238f57684cf09d0cd298ab4c6a68ab7b0dac0dafd62538a1aece
waterways,nhd-117805109,117805109,117805109,NOT EXPLAINED,True,True,True,True,True,True,True,True,True,douglas-co-flowline-pages/page-0005.json,b6cfca7516d1fe2d902d1d68edb1d37b3ec24d813845ac4e6d6c5529e6e8c4ce,douglas-co-flowline-pages/page-0049.json,12b1420bc2582b6dbb974813f78fc2bbfa2945b7e5fe03ff342c405c9422b9fa
waterways,nhd-117805119,117805119,117805119,NOT EXPLAINED,True,True,True,True,True,True,True,True,True,douglas-co-flowline-pages/page-0004.json,50604bc9148c86156d0c0edd3200ad9c609a562305b98a22c5b010a465b818ad,douglas-co-flowline-pages/page-0036.json,fcc0320ca6ae72336747e2a11ee71ffa3ea682a0e3db5e28b3de09ca1f36fc2b
waterways,nhd-117805125,117805125,117805125,NOT EXPLAINED,True,True,True,True,True,True,True,True,True,douglas-co-flowline-pages/page-0003.json,efc23c37999cdfa3e5fe7db056f5fa6711989083153236d1c307e09ffec9be4e,douglas-co-flowline-pages/page-0023.json,86fe416dc479dda9673c17db649191c0fab6b80c901b86a0f7ce1aab91139626
waterways,nhd-117809941,117809941,117809941,NOT EXPLAINED,True,True,True,True,True,True,True,True,True,douglas-co-flowline-pages/page-0003.json,efc23c37999cdfa3e5fe7db056f5fa6711989083153236d1c307e09ffec9be4e,douglas-co-flowline-pages/page-0030.json,e79825826637f6d619e125f24ee54aea004b2653cbc33daf611d06b12a8d4c40
waterways,nhd-117816671,117816671,117816671,NOT EXPLAINED,True,True,True,True,True,True,True,True,True,douglas-co-flowline-pages/page-0004.json,50604bc9148c86156d0c0edd3200ad9c609a562305b98a22c5b010a465b818ad,douglas-co-flowline-pages/page-0041.json,2d9371d8b1151bec5031e6aa1e0541039f67a43bb1b1364cca58cd771a20db26
waterways,nhd-117816789,117816789,117816789,NOT EXPLAINED,True,True,True,True,True,True,True,True,True,douglas-co-flowline-pages/page-0010.json,fd26ad3b547c74082ebc2c5a3dc79b031ca0c0fe6960ddd1941dd28cfd8095bb,douglas-co-flowline-pages/page-0104.json,5a7d901254b6c8c73c21742f98da7b09fae85bf0b3b77e1fa269e2c292c27476
waterways,nhd-117816831,117816831,117816831,NOT EXPLAINED,True,True,True,True,True,True,True,True,True,douglas-co-flowline-pages/page-0007.json,8f2936ee2dd47bfe654dfb8aa61d235e15bf1dce4a4822d4dcb99981d0975b27,douglas-co-flowline-pages/page-0072.json,26aad2e4b90a52faf0bc8a0a72189150b7ce71cf8304ca7d6fe4a714bd1181c8
waterways,nhd-117819565,117819565,117819565,NOT EXPLAINED,True,True,True,True,True,True,True,True,True,douglas-co-flowline-pages/page-0007.json,8f2936ee2dd47bfe654dfb8aa61d235e15bf1dce4a4822d4dcb99981d0975b27,douglas-co-flowline-pages/page-0071.json,619556fd21bdb4aae82ff5f7bc6cfb1359e761c32b21a6a784f16e658cb16574
waterways,nhd-117819751,117819751,117819751,NOT EXPLAINED,True,True,True,True,True,True,True,True,True,douglas-co-flowline-pages/page-0011.json,b0ecac54b7c164d3cffd9a969df1264ba0acbd29224d6112ad15e581d9b5340f,douglas-co-flowline-pages/page-0116.json,d4b057d2d8241d8b79e9c8afc43455022adc04f9f3fb78fe86f45de76501635e
waterways,nhd-117820985,117820985,117820985,NOT EXPLAINED,True,True,True,True,True,True,True,True,True,douglas-co-flowline-pages/page-0012.json,8136af7fea13afb294816cd3f00b3c9cd15af8a43a917f46a22feeb9b1fc846d,douglas-co-flowline-pages/page-0122.json,0a56bf1ee19717c2e649e5ff6e5e991853c25777625133dc0b8dc75d7235458c
waterways,nhd-117822433,117822433,117822433,NOT EXPLAINED,True,True,True,True,True,True,True,True,True,douglas-co-flowline-pages/page-0005.json,b6cfca7516d1fe2d902d1d68edb1d37b3ec24d813845ac4e6d6c5529e6e8c4ce,douglas-co-flowline-pages/page-0050.json,1dcdf1f8b072dfe121b14980a86553824bd9c3acd6a79a123988edfe68ed59b1
waterways,nhd-117823701,117823701,117823701,NOT EXPLAINED,True,True,True,True,True,True,True,True,True,douglas-co-flowline-pages/page-0011.json,b0ecac54b7c164d3cffd9a969df1264ba0acbd29224d6112ad15e581d9b5340f,douglas-co-flowline-pages/page-0115.json,cd5b510b7284c92a096e162c0e31711cc0f879ec8aff1b64101283d5ac97b8f0
waterways,nhd-117823703,117823703,117823703,NOT EXPLAINED,True,True,True,True,True,True,True,True,True,douglas-co-flowline-pages/page-0010.json,fd26ad3b547c74082ebc2c5a3dc79b031ca0c0fe6960ddd1941dd28cfd8095bb,douglas-co-flowline-pages/page-0097.json,2b1d5b6f891a3696aa76613dd74e10b48a6d2400c8f9670a2b67c3df9b2ba979
waterways,nhd-117823713,117823713,117823713,NOT EXPLAINED,True,True,True,True,True,True,True,True,True,douglas-co-flowline-pages/page-0008.json,80b52793a764605566149570b10a25361cd5a30bd8f4509c3dd864caf585be2d,douglas-co-flowline-pages/page-0081.json,b11a6b6337259fc743a527e0d360e5146427bc42ec51a493e3250097d998c4e5
waterways,nhd-117823715,117823715,117823715,NOT EXPLAINED,True,True,True,True,True,True,True,True,True,douglas-co-flowline-pages/page-0007.json,8f2936ee2dd47bfe654dfb8aa61d235e15bf1dce4a4822d4dcb99981d0975b27,douglas-co-flowline-pages/page-0067.json,313ef8c17257276bf9e39c56b4162ffc9f3eab563ef07be758350afa4850c50b
waterways,nhd-117823721,117823721,117823721,NOT EXPLAINED,True,True,True,True,True,True,True,True,True,douglas-co-flowline-pages/page-0002.json,57725850c593d5bee73f341d5589019695d28723c6c28e49b72db5c1361a3d9a,douglas-co-flowline-pages/page-0020.json,2eb9096955492299e43a7b65f85f095bcb81d1aead569d354703b727da187210
waterways,nhd-117823723,117823723,117823723,NOT EXPLAINED,True,True,True,True,True,True,True,True,True,douglas-co-flowline-pages/page-0013.json,4d7d2c3a907fb5c5bd87fde0db4ae2af3c28cee7d189afd16accb665bb7dba7c,douglas-co-flowline-pages/page-0125.json,6a31456297265c9347525ef6480c495223724db69fd2974e14f0118054d5b346
waterways,nhd-117823725,117823725,117823725,NOT EXPLAINED,True,True,True,True,True,True,True,True,True,douglas-co-flowline-pages/page-0011.json,b0ecac54b7c164d3cffd9a969df1264ba0acbd29224d6112ad15e581d9b5340f,douglas-co-flowline-pages/page-0115.json,cd5b510b7284c92a096e162c0e31711cc0f879ec8aff1b64101283d5ac97b8f0
waterways,nhd-117823733,117823733,117823733,NOT EXPLAINED,True,True,True,True,True,True,True,True,True,douglas-co-flowline-pages/page-0006.json,de65bf45ccfe035d500cc215a9e6adca07f174e0d98413b22eec41f5ed7da5f4,douglas-co-flowline-pages/page-0060.json,19286dee4c20d39ac8c2f9190c4e94eb4111f1a80613a198db135e00afe59846
waterways,nhd-117836321,117836321,117836321,NOT EXPLAINED,True,True,True,True,True,True,True,True,True,douglas-co-flowline-pages/page-0010.json,fd26ad3b547c74082ebc2c5a3dc79b031ca0c0fe6960ddd1941dd28cfd8095bb,douglas-co-flowline-pages/page-0100.json,12a087236f3cce0972da32250974ed9a1c69ec509945ae5a814839b55774a641
waterways,nhd-117836327,117836327,117836327,NOT EXPLAINED,True,True,True,True,True,True,True,True,True,douglas-co-flowline-pages/page-0006.json,de65bf45ccfe035d500cc215a9e6adca07f174e0d98413b22eec41f5ed7da5f4,douglas-co-flowline-pages/page-0061.json,159d50ea3aa20f448a2c9c84e8be26459217f7778e261ccb52c820b2909971e1
waterways,nhd-117836353,117836353,117836353,NOT EXPLAINED,True,True,True,True,True,True,True,True,True,douglas-co-flowline-pages/page-0007.json,8f2936ee2dd47bfe654dfb8aa61d235e15bf1dce4a4822d4dcb99981d0975b27,douglas-co-flowline-pages/page-0073.json,e3ebf363646783d5d532b832bc9707fda884220fa9f62c79b4ebbeb060802d90
waterways,nhd-117836361,117836361,117836361,NOT EXPLAINED,True,True,True,True,True,True,True,True,True,douglas-co-flowline-pages/page-0013.json,4d7d2c3a907fb5c5bd87fde0db4ae2af3c28cee7d189afd16accb665bb7dba7c,douglas-co-flowline-pages/page-0134.json,baf26c8eb465c3dd370c985cdfc5b2ef171b8a9cd96d01334b115493d67ec39f
waterways,nhd-117836407,117836407,117836407,NOT EXPLAINED,True,True,True,True,True,True,True,True,True,douglas-co-flowline-pages/page-0014.json,04a00e5b1c24b4e36af93edff7e8ffb22fc41a947d03399a5d1672d3c8000f12,douglas-co-flowline-pages/page-0142.json,8262588e4bd4cc41d37988ef8bcf0f0441b80ecc92d74f0b34c79be8e03dcb88
waterways,nhd-117836427,117836427,117836427,NOT EXPLAINED,True,True,True,True,True,True,True,True,True,douglas-co-flowline-pages/page-0012.json,8136af7fea13afb294816cd3f00b3c9cd15af8a43a917f46a22feeb9b1fc846d,douglas-co-flowline-pages/page-0118.json,151a5572321b1a89e0a0de0de792ef90b27ab868dabe017fa284d4153d176daf
waterways,nhd-117836577,117836577,117836577,NOT EXPLAINED,True,True,True,True,True,True,True,True,True,douglas-co-flowline-pages/page-0004.json,50604bc9148c86156d0c0edd3200ad9c609a562305b98a22c5b010a465b818ad,douglas-co-flowline-pages/page-0039.json,48967e8d06fef748b65caf72bef457d430efa859dd269e55e8f0c786eb987db6
waterways,nhd-117836589,117836589,117836589,NOT EXPLAINED,True,True,True,True,True,True,True,True,True,douglas-co-flowline-pages/page-0005.json,b6cfca7516d1fe2d902d1d68edb1d37b3ec24d813845ac4e6d6c5529e6e8c4ce,douglas-co-flowline-pages/page-0046.json,72ed2079a7015a29a566fc766c77af8bd8fd49658f7e40757157e38c87eac79c
waterways,nhd-117836591,117836591,117836591,NOT EXPLAINED,True,True,True,True,True,True,True,True,True,douglas-co-flowline-pages/page-0009.json,2f03e800cfe8926de025290cb739091dc5b38e0e41f39e474002d41490137100,douglas-co-flowline-pages/page-0085.json,57800e1f6d2e1702a02a7a076ce52a482ccac2134bd0bff9c2376a96a7ff7193
waterways,nhd-117836661,117836661,117836661,NOT EXPLAINED,True,True,True,True,True,True,True,True,True,douglas-co-flowline-pages/page-0005.json,b6cfca7516d1fe2d902d1d68edb1d37b3ec24d813845ac4e6d6c5529e6e8c4ce,douglas-co-flowline-pages/page-0050.json,1dcdf1f8b072dfe121b14980a86553824bd9c3acd6a79a123988edfe68ed59b1
waterways,nhd-117845903,117845903,117845903,NOT EXPLAINED,True,True,True,True,True,True,True,True,True,douglas-co-flowline-pages/page-0004.json,50604bc9148c86156d0c0edd3200ad9c609a562305b98a22c5b010a465b818ad,douglas-co-flowline-pages/page-0035.json,62eebd831b71719a20e5f7454171af0f5f9e5e97bffde3e67077ed594d9ae362
waterways,nhd-117845971,117845971,117845971,NOT EXPLAINED,True,True,True,True,True,True,True,True,True,douglas-co-flowline-pages/page-0009.json,2f03e800cfe8926de025290cb739091dc5b38e0e41f39e474002d41490137100,douglas-co-flowline-pages/page-0089.json,b8fa487845cb31e617a9c5b81e6bd6fa7b99e7ef963ba450b13d06bde1bdb7f3
waterways,nhd-120647444,120647444,120647444,NOT EXPLAINED,True,True,True,True,True,True,True,True,True,douglas-co-flowline-pages/page-0009.json,2f03e800cfe8926de025290cb739091dc5b38e0e41f39e474002d41490137100,douglas-co-flowline-pages/page-0089.json,b8fa487845cb31e617a9c5b81e6bd6fa7b99e7ef963ba450b13d06bde1bdb7f3
waterways,nhd-120647466,120647466,120647466,NOT EXPLAINED,True,True,True,True,True,True,True,True,True,douglas-co-flowline-pages/page-0013.json,4d7d2c3a907fb5c5bd87fde0db4ae2af3c28cee7d189afd16accb665bb7dba7c,douglas-co-flowline-pages/page-0134.json,baf26c8eb465c3dd370c985cdfc5b2ef171b8a9cd96d01334b115493d67ec39f
waterways,nhd-120647478,120647478,120647478,NOT EXPLAINED,True,True,True,True,True,True,True,True,True,douglas-co-flowline-pages/page-0008.json,80b52793a764605566149570b10a25361cd5a30bd8f4509c3dd864caf585be2d,douglas-co-flowline-pages/page-0079.json,f831a5934eff70a69eef6cdaec18f195b7adb0d1285c7333218f5ad3ef9f5420
waterways,nhd-120647496,120647496,120647496,NOT EXPLAINED,True,True,True,True,True,True,True,True,True,douglas-co-flowline-pages/page-0008.json,80b52793a764605566149570b10a25361cd5a30bd8f4509c3dd864caf585be2d,douglas-co-flowline-pages/page-0080.json,228398f010e70a9bc675b527de986ab80c86cc8aeb466dcf71770b36db059d5a
waterways,nhd-120648341,120648341,120648341,NOT EXPLAINED,True,True,True,True,True,True,True,True,True,douglas-co-flowline-pages/page-0006.json,de65bf45ccfe035d500cc215a9e6adca07f174e0d98413b22eec41f5ed7da5f4,douglas-co-flowline-pages/page-0058.json,71a648d9fe6b374ed78ba201c6d2a92ebbaa6a16d5423bc2513f81aa9a4dd92e
waterways,nhd-120648830,120648830,120648830,NOT EXPLAINED,True,True,True,True,True,True,True,True,True,douglas-co-flowline-pages/page-0002.json,57725850c593d5bee73f341d5589019695d28723c6c28e49b72db5c1361a3d9a,douglas-co-flowline-pages/page-0016.json,10eaa0136b3c250de9b77ed7319e08ffad315cc636c942e817bda237b1f94f2c
waterways,nhd-120649182,120649182,120649182,NOT EXPLAINED,True,True,True,True,True,True,True,True,True,douglas-co-flowline-pages/page-0004.json,50604bc9148c86156d0c0edd3200ad9c609a562305b98a22c5b010a465b818ad,douglas-co-flowline-pages/page-0041.json,2d9371d8b1151bec5031e6aa1e0541039f67a43bb1b1364cca58cd771a20db26
waterways,nhd-120651306,120651306,120651306,NOT EXPLAINED,True,True,True,True,True,True,True,True,True,douglas-co-flowline-pages/page-0013.json,4d7d2c3a907fb5c5bd87fde0db4ae2af3c28cee7d189afd16accb665bb7dba7c,douglas-co-flowline-pages/page-0128.json,3b83aa172bb5e38919c4235b33cca51b761de8250877a742f7865fc01b21a933
waterways,nhd-120651516,120651516,120651516,NOT EXPLAINED,True,True,True,True,True,True,True,True,True,douglas-co-flowline-pages/page-0010.json,fd26ad3b547c74082ebc2c5a3dc79b031ca0c0fe6960ddd1941dd28cfd8095bb,douglas-co-flowline-pages/page-0097.json,2b1d5b6f891a3696aa76613dd74e10b48a6d2400c8f9670a2b67c3df9b2ba979
waterways,nhd-120651533,120651533,120651533,NOT EXPLAINED,True,True,True,True,True,True,True,True,True,douglas-co-flowline-pages/page-0004.json,50604bc9148c86156d0c0edd3200ad9c609a562305b98a22c5b010a465b818ad,douglas-co-flowline-pages/page-0042.json,9a6efe140cbabcd6294f47e1c99de14e2cd357d2c31b5031d03f9f45ed48e2b6
waterways,nhd-120651557,120651557,120651557,NOT EXPLAINED,True,True,True,True,True,True,True,True,True,douglas-co-flowline-pages/page-0007.json,8f2936ee2dd47bfe654dfb8aa61d235e15bf1dce4a4822d4dcb99981d0975b27,douglas-co-flowline-pages/page-0074.json,f7fed9e72d6fad3a4851ed63f9d9a7ca907493afd7cd6a37e8145648039b94f1
waterways,nhd-160696304,160696304,160696304,NOT EXPLAINED,True,True,True,True,True,True,True,True,True,douglas-co-flowline-pages/page-0001.json,b785140ec175d2af8c77ae34036c1af8ebdcc4bde70e0f620555223bfb37ca0b,douglas-co-flowline-pages/page-0010.json,7dd3c3ff587d02bc18243e5bafb24409ad199a0388499daa624c5b518e831bdd
waterways,nhd-160709835,160709835,160709835,NOT EXPLAINED,True,True,True,True,True,True,True,True,True,douglas-co-flowline-pages/page-0014.json,04a00e5b1c24b4e36af93edff7e8ffb22fc41a947d03399a5d1672d3c8000f12,douglas-co-flowline-pages/page-0138.json,dd4b695f1103196c0a5ee1146c25254c04faafb232d2cabf3d34d2f7946f6857
waterways,nhd-160712256,160712256,160712256,NOT EXPLAINED,True,True,True,True,True,True,True,True,True,douglas-co-flowline-pages/page-0002.json,57725850c593d5bee73f341d5589019695d28723c6c28e49b72db5c1361a3d9a,douglas-co-flowline-pages/page-0018.json,f2f6e41f0d92552cd43dda415b3485254f216638401c79a2e62b2100ac79931c
waterways,nhd-160712319,160712319,160712319,NOT EXPLAINED,True,True,True,True,True,True,True,True,True,douglas-co-flowline-pages/page-0012.json,8136af7fea13afb294816cd3f00b3c9cd15af8a43a917f46a22feeb9b1fc846d,douglas-co-flowline-pages/page-0122.json,0a56bf1ee19717c2e649e5ff6e5e991853c25777625133dc0b8dc75d7235458c
waterways,nhd-160712400,160712400,160712400,NOT EXPLAINED,True,True,True,True,True,True,True,True,True,douglas-co-flowline-pages/page-0012.json,8136af7fea13afb294816cd3f00b3c9cd15af8a43a917f46a22feeb9b1fc846d,douglas-co-flowline-pages/page-0117.json,ef9cc13fe26efb52d5b6302f5708e8ff7c75d76240f94ed99c0ba5fd6da3d590
waterways,nhd-160712441,160712441,160712441,NOT EXPLAINED,True,True,True,True,True,True,True,True,True,douglas-co-flowline-pages/page-0011.json,b0ecac54b7c164d3cffd9a969df1264ba0acbd29224d6112ad15e581d9b5340f,douglas-co-flowline-pages/page-0109.json,c0db6313c4464508c18f40f145721efad512a557574b983dbaf22c28e2f23a5a
waterways,nhd-160713203,160713203,160713203,NOT EXPLAINED,True,True,True,True,True,True,True,True,True,douglas-co-flowline-pages/page-0002.json,57725850c593d5bee73f341d5589019695d28723c6c28e49b72db5c1361a3d9a,douglas-co-flowline-pages/page-0014.json,d1b4d0c64da60d9dc57840f9beb2141988ff0f8a450fd58b8c7cf4bd0ddb6507
waterways,nhd-160715449,160715449,160715449,NOT EXPLAINED,True,True,True,True,True,True,True,True,True,douglas-co-flowline-pages/page-0013.json,4d7d2c3a907fb5c5bd87fde0db4ae2af3c28cee7d189afd16accb665bb7dba7c,douglas-co-flowline-pages/page-0134.json,baf26c8eb465c3dd370c985cdfc5b2ef171b8a9cd96d01334b115493d67ec39f
waterways,nhd-160717074,160717074,160717074,NOT EXPLAINED,True,True,True,True,True,True,True,True,True,douglas-co-flowline-pages/page-0014.json,04a00e5b1c24b4e36af93edff7e8ffb22fc41a947d03399a5d1672d3c8000f12,douglas-co-flowline-pages/page-0146.json,05073c2238cf530b8421ee5dddc7958fb5316a8ad3af03e078545c7f85e64f7b
waterways,nhd-160717852,160717852,160717852,NOT EXPLAINED,True,True,True,True,True,True,True,True,True,douglas-co-flowline-pages/page-0007.json,8f2936ee2dd47bfe654dfb8aa61d235e15bf1dce4a4822d4dcb99981d0975b27,douglas-co-flowline-pages/page-0064.json,2cc5517fdb4c0320e26b6b70474a1e9e1803ec8f81b5335f76b3fbe50a85621c
waterways,nhd-160723985,160723985,160723985,NOT EXPLAINED,True,True,True,True,True,True,True,True,True,douglas-co-flowline-pages/page-0007.json,8f2936ee2dd47bfe654dfb8aa61d235e15bf1dce4a4822d4dcb99981d0975b27,douglas-co-flowline-pages/page-0072.json,26aad2e4b90a52faf0bc8a0a72189150b7ce71cf8304ca7d6fe4a714bd1181c8
waterways,nhd-160726606,160726606,160726606,NOT EXPLAINED,True,True,True,True,True,True,True,True,True,douglas-co-flowline-pages/page-0001.json,b785140ec175d2af8c77ae34036c1af8ebdcc4bde70e0f620555223bfb37ca0b,douglas-co-flowline-pages/page-0011.json,37f9a06167c22885f35413d763abc1d60b787a46b2241a145558de89732d78c1
waterways,nhd-160730162,160730162,160730162,NOT EXPLAINED,True,True,True,True,True,True,True,True,True,douglas-co-flowline-pages/page-0011.json,b0ecac54b7c164d3cffd9a969df1264ba0acbd29224d6112ad15e581d9b5340f,douglas-co-flowline-pages/page-0113.json,7f8d333f04487fbbfde949f89ca44cf4ba46c3b3dcdb58e11db22efbdcfea5f3
waterways,nhd-160730865,160730865,160730865,NOT EXPLAINED,True,True,True,True,True,True,True,True,True,douglas-co-flowline-pages/page-0010.json,fd26ad3b547c74082ebc2c5a3dc79b031ca0c0fe6960ddd1941dd28cfd8095bb,douglas-co-flowline-pages/page-0098.json,4df3825e39ba8d7981e937b708c0038e3d279053d5f663aba1a32c84b5636feb
waterways,nhd-160731242,160731242,160731242,NOT EXPLAINED,True,True,True,True,True,True,True,True,True,douglas-co-flowline-pages/page-0011.json,b0ecac54b7c164d3cffd9a969df1264ba0acbd29224d6112ad15e581d9b5340f,douglas-co-flowline-pages/page-0108.json,daf6ccaf629c6cdd7c97a7df5cfe13989f2697b26c3fecd73a683a290e1e8e80
waterways,nhd-160733149,160733149,160733149,NOT EXPLAINED,True,True,True,True,True,True,True,True,True,douglas-co-flowline-pages/page-0001.json,b785140ec175d2af8c77ae34036c1af8ebdcc4bde70e0f620555223bfb37ca0b,douglas-co-flowline-pages/page-0011.json,37f9a06167c22885f35413d763abc1d60b787a46b2241a145558de89732d78c1
waterways,nhd-160733596,160733596,160733596,NOT EXPLAINED,True,True,True,True,True,True,True,True,True,douglas-co-flowline-pages/page-0005.json,b6cfca7516d1fe2d902d1d68edb1d37b3ec24d813845ac4e6d6c5529e6e8c4ce,douglas-co-flowline-pages/page-0048.json,d12026561b416750f143372a00f8e92a183e3d21a3e68becfade3a29b1436c5f
waterways,nhd-160733822,160733822,160733822,NOT EXPLAINED,True,True,True,True,True,True,True,True,True,douglas-co-flowline-pages/page-0003.json,efc23c37999cdfa3e5fe7db056f5fa6711989083153236d1c307e09ffec9be4e,douglas-co-flowline-pages/page-0032.json,a52cdf7c2eae176aa62b9172de1270b18775f1d6f172cffc99517f182a0bd1d1
waterways,nhd-160733853,160733853,160733853,NOT EXPLAINED,True,True,True,True,True,True,True,True,True,douglas-co-flowline-pages/page-0013.json,4d7d2c3a907fb5c5bd87fde0db4ae2af3c28cee7d189afd16accb665bb7dba7c,douglas-co-flowline-pages/page-0128.json,3b83aa172bb5e38919c4235b33cca51b761de8250877a742f7865fc01b21a933
waterways,nhd-160735615,160735615,160735615,NOT EXPLAINED,True,True,True,True,True,True,True,True,True,douglas-co-flowline-pages/page-0006.json,de65bf45ccfe035d500cc215a9e6adca07f174e0d98413b22eec41f5ed7da5f4,douglas-co-flowline-pages/page-0064.json,2cc5517fdb4c0320e26b6b70474a1e9e1803ec8f81b5335f76b3fbe50a85621c
waterways,nhd-160740445,160740445,160740445,NOT EXPLAINED,True,True,True,True,True,True,True,True,True,douglas-co-flowline-pages/page-0002.json,57725850c593d5bee73f341d5589019695d28723c6c28e49b72db5c1361a3d9a,douglas-co-flowline-pages/page-0015.json,5c164a2b641cc4c2df695a009e87d13a0ec3e3992005a0fe02dd73593605f07b
waterways,nhd-160740446,160740446,160740446,NOT EXPLAINED,True,True,True,True,True,True,True,True,True,douglas-co-flowline-pages/page-0013.json,4d7d2c3a907fb5c5bd87fde0db4ae2af3c28cee7d189afd16accb665bb7dba7c,douglas-co-flowline-pages/page-0129.json,0067f40d1aa9345135b2cf86a51e3c7b334db1680f6da1fd67941e8e3167ef0c
waterways,nhd-160742292,160742292,160742292,NOT EXPLAINED,True,True,True,True,True,True,True,True,True,douglas-co-flowline-pages/page-0005.json,b6cfca7516d1fe2d902d1d68edb1d37b3ec24d813845ac4e6d6c5529e6e8c4ce,douglas-co-flowline-pages/page-0050.json,1dcdf1f8b072dfe121b14980a86553824bd9c3acd6a79a123988edfe68ed59b1
waterways,nhd-160745940,160745940,160745940,NOT EXPLAINED,True,True,True,True,True,True,True,True,True,douglas-co-flowline-pages/page-0003.json,efc23c37999cdfa3e5fe7db056f5fa6711989083153236d1c307e09ffec9be4e,douglas-co-flowline-pages/page-0026.json,c86a42e238128ec200f5383f484fc8a5072f30ac6284faface71c645f40e61d6
waterways,nhd-160749310,160749310,160749310,NOT EXPLAINED,True,True,True,True,True,True,True,True,True,douglas-co-flowline-pages/page-0008.json,80b52793a764605566149570b10a25361cd5a30bd8f4509c3dd864caf585be2d,douglas-co-flowline-pages/page-0085.json,57800e1f6d2e1702a02a7a076ce52a482ccac2134bd0bff9c2376a96a7ff7193
waterways,nhd-160749926,160749926,160749926,NOT EXPLAINED,True,True,True,True,True,True,True,True,True,douglas-co-flowline-pages/page-0004.json,50604bc9148c86156d0c0edd3200ad9c609a562305b98a22c5b010a465b818ad,douglas-co-flowline-pages/page-0037.json,e693970fb42b859f035bc3e465d961a47d28c927d6801eba08171f062b6a943f
waterways,nhd-160749944,160749944,160749944,NOT EXPLAINED,True,True,True,True,True,True,True,True,True,douglas-co-flowline-pages/page-0001.json,b785140ec175d2af8c77ae34036c1af8ebdcc4bde70e0f620555223bfb37ca0b,douglas-co-flowline-pages/page-0009.json,e6f7a9c7b8921fc5eefd1b42e5b773b8a1de714d8ed3d5cc0cfe408d0d800baf
waterways,nhd-160749998,160749998,160749998,NOT EXPLAINED,True,True,True,True,True,True,True,True,True,douglas-co-flowline-pages/page-0013.json,4d7d2c3a907fb5c5bd87fde0db4ae2af3c28cee7d189afd16accb665bb7dba7c,douglas-co-flowline-pages/page-0133.json,c288921a58a85ec7819b316ce5a16868a7a3389bdc63c35a485e6d6cfac33207
waterways,nhd-160750041,160750041,160750041,NOT EXPLAINED,True,True,True,True,True,True,True,True,True,douglas-co-flowline-pages/page-0009.json,2f03e800cfe8926de025290cb739091dc5b38e0e41f39e474002d41490137100,douglas-co-flowline-pages/page-0087.json,beb8cdc85eec272b9f6586a49ac86790d290dc3310475a525325c25b0e4aedd4
waterways,nhd-160750098,160750098,160750098,NOT EXPLAINED,True,True,True,True,True,True,True,True,True,douglas-co-flowline-pages/page-0006.json,de65bf45ccfe035d500cc215a9e6adca07f174e0d98413b22eec41f5ed7da5f4,douglas-co-flowline-pages/page-0063.json,5fd4692011335f1eefdc13e50e5bcf0d1e3f524e0796c29fbb327d53cf5a1e01
waterways,nhd-160750099,160750099,160750099,NOT EXPLAINED,True,True,True,True,True,True,True,True,True,douglas-co-flowline-pages/page-0002.json,57725850c593d5bee73f341d5589019695d28723c6c28e49b72db5c1361a3d9a,douglas-co-flowline-pages/page-0015.json,5c164a2b641cc4c2df695a009e87d13a0ec3e3992005a0fe02dd73593605f07b
waterways,nhd-160751125,160751125,160751125,NOT EXPLAINED,True,True,True,True,True,True,True,True,True,douglas-co-flowline-pages/page-0006.json,de65bf45ccfe035d500cc215a9e6adca07f174e0d98413b22eec41f5ed7da5f4,douglas-co-flowline-pages/page-0057.json,3c9a6611823698c89b7293d2c8da54e825b62e3d859f82313c1d4883afa3184b
waterways,nhd-160751126,160751126,160751126,NOT EXPLAINED,True,True,True,True,True,True,True,True,True,douglas-co-flowline-pages/page-0007.json,8f2936ee2dd47bfe654dfb8aa61d235e15bf1dce4a4822d4dcb99981d0975b27,douglas-co-flowline-pages/page-0071.json,619556fd21bdb4aae82ff5f7bc6cfb1359e761c32b21a6a784f16e658cb16574
waterways,nhd-160751728,160751728,160751728,NOT EXPLAINED,True,True,True,True,True,True,True,True,True,douglas-co-flowline-pages/page-0006.json,de65bf45ccfe035d500cc215a9e6adca07f174e0d98413b22eec41f5ed7da5f4,douglas-co-flowline-pages/page-0062.json,4a25f6fb3d17d015f7800642486aa057a26a90413aaef9b086d0adfe4206a71a
waterways,nhd-160751848,160751848,160751848,NOT EXPLAINED,True,True,True,True,True,True,True,True,True,douglas-co-flowline-pages/page-0004.json,50604bc9148c86156d0c0edd3200ad9c609a562305b98a22c5b010a465b818ad,douglas-co-flowline-pages/page-0041.json,2d9371d8b1151bec5031e6aa1e0541039f67a43bb1b1364cca58cd771a20db26
waterways,nhd-160755865,160755865,160755865,NOT EXPLAINED,True,True,True,True,True,True,True,True,True,douglas-co-flowline-pages/page-0004.json,50604bc9148c86156d0c0edd3200ad9c609a562305b98a22c5b010a465b818ad,douglas-co-flowline-pages/page-0041.json,2d9371d8b1151bec5031e6aa1e0541039f67a43bb1b1364cca58cd771a20db26
waterways,nhd-a7643fef-be8b-411f-b198-baedc135a05e,a7643fef-be8b-411f-b198-baedc135a05e,a7643fef-be8b-411f-b198-baedc135a05e,NOT EXPLAINED,True,True,True,True,True,True,True,True,True,douglas-co-flowline-pages/page-0005.json,b6cfca7516d1fe2d902d1d68edb1d37b3ec24d813845ac4e6d6c5529e6e8c4ce,douglas-co-flowline-pages/page-0052.json,9cd3143c9db77f3173d7051d370d5dfe6f281a0da34edbb4b14bef90e405c7e0
waterways,nhd-f2599b28-7348-4f0f-8107-a0bca80e96c0,f2599b28-7348-4f0f-8107-a0bca80e96c0,f2599b28-7348-4f0f-8107-a0bca80e96c0,NOT EXPLAINED,True,True,True,True,True,True,True,True,True,douglas-co-flowline-pages/page-0002.json,57725850c593d5bee73f341d5589019695d28723c6c28e49b72db5c1361a3d9a,douglas-co-flowline-pages/page-0015.json,5c164a2b641cc4c2df695a009e87d13a0ec3e3992005a0fe02dd73593605f07b
waterbodies,nhd-117822697,117822697,117822697,NOT EXPLAINED,True,True,True,True,True,True,True,True,True,douglas-co-waterbody-pages/page-0002.json,1700c864072b67f253f2fe6ac8992bc0786d763d8b7c34ca87e45332252c057b,douglas-co-waterbody-pages/page-0002.json,fd410624e37ed7feebb49084bdfb682a8e4aa3559ae0933ebfab2c742674c1be
waterbodies,nhd-117822701,117822701,117822701,NOT EXPLAINED,True,True,True,True,True,True,True,True,True,douglas-co-waterbody-pages/page-0002.json,1700c864072b67f253f2fe6ac8992bc0786d763d8b7c34ca87e45332252c057b,douglas-co-waterbody-pages/page-0002.json,fd410624e37ed7feebb49084bdfb682a8e4aa3559ae0933ebfab2c742674c1be
waterbodies,nhd-117822709,117822709,117822709,NOT EXPLAINED,True,True,True,True,True,True,True,True,True,douglas-co-waterbody-pages/page-0004.json,0fa3c57b20e40a5733d56e602fa7c6ca8def50513d89e3c17d1d41421291ffef,douglas-co-waterbody-pages/page-0004.json,fbd39da7e8450e418b145dcf0cf32964f534e5ee6b780c6501a3dae52b929ce4
waterbodies,nhd-117822715,117822715,117822715,NOT EXPLAINED,True,True,True,True,True,True,True,True,False,douglas-co-waterbody-pages/page-0004.json,0fa3c57b20e40a5733d56e602fa7c6ca8def50513d89e3c17d1d41421291ffef,douglas-co-waterbody-pages/page-0004.json,fbd39da7e8450e418b145dcf0cf32964f534e5ee6b780c6501a3dae52b929ce4
waterbodies,nhd-117822739,117822739,117822739,NOT EXPLAINED,True,True,True,True,True,True,True,True,True,douglas-co-waterbody-pages/page-0003.json,0c88b8be2fd950f4b77208864ce86e0ed602e3ada01d30ea97195bf4bb9902ea,douglas-co-waterbody-pages/page-0003.json,9bba1d5c32341174ed31d05f981bbc9c77141914ed022ebb16523c20e55e4a7d
waterbodies,nhd-117822893,117822893,117822893,NOT EXPLAINED,True,True,True,True,True,True,True,True,True,douglas-co-waterbody-pages/page-0005.json,1b998ab87c07b278811462ce2ce2ebcf8d3caf3e541bf439ea9f1745c9af3457,douglas-co-waterbody-pages/page-0006.json,2d68f2d564735de044db97d15c4c363018329cfd0de53e865894d71f3aa6f9db
waterbodies,nhd-117822899,117822899,117822899,NOT EXPLAINED,True,True,True,True,True,True,True,True,False,douglas-co-waterbody-pages/page-0002.json,1700c864072b67f253f2fe6ac8992bc0786d763d8b7c34ca87e45332252c057b,douglas-co-waterbody-pages/page-0002.json,fd410624e37ed7feebb49084bdfb682a8e4aa3559ae0933ebfab2c742674c1be
waterbodies,nhd-117834809,117834809,117834809,NOT EXPLAINED,True,True,True,True,True,True,True,True,False,douglas-co-waterbody-pages/page-0009.json,4e2944337e9cc48545f5128c9dd454a5aa60fd55a8e2b9ed91ccd192eb55fe31,douglas-co-waterbody-pages/page-0010.json,c83ffe74f2b5dcb2ed05823fb2c82e069e9127f3e32d2c08cea80eadcf67f9c6
waterbodies,nhd-120655700,120655700,120655700,NOT EXPLAINED,True,True,True,True,True,True,True,True,True,douglas-co-waterbody-pages/page-0002.json,1700c864072b67f253f2fe6ac8992bc0786d763d8b7c34ca87e45332252c057b,douglas-co-waterbody-pages/page-0002.json,fd410624e37ed7feebb49084bdfb682a8e4aa3559ae0933ebfab2c742674c1be
waterbodies,nhd-120030962,120030962,120030962,EXPLAINED,True,True,True,True,True,True,False,True,True,douglas-co-waterbody-pages/page-0002.json,1700c864072b67f253f2fe6ac8992bc0786d763d8b7c34ca87e45332252c057b,douglas-co-waterbody-pages/page-0002.json,fd410624e37ed7feebb49084bdfb682a8e4aa3559ae0933ebfab2c742674c1be
