layer,tile,depth,envelope,status,count,returned_ids,attempts,completed_in,original_attempts,resumed_attempts,attempt_counts,attempt_returned_id_counts,outcomes,verified,utc
6,0,0,"-105.33444166966446,39.1244790184437,-104.99501287213658,39.34783585303245",complete,20190,20190,2,original,2,0,1:None;2:20190,1:unavailable;2:20190,1:service_failure;2:complete,True,2026-10-08T13:23:14.688249+00:00;2026-10-08T13:27:16.710014+00:00
6,1,0,"-104.99501287213658,39.1244790184437,-104.65558407460871,39.34783585303245",complete,3668,3668,1,original,1,0,1:3668,1:3668,1:complete,True,2026-10-08T13:28:07.350328+00:00
6,2,0,"-105.33444166966446,39.34783585303245,-104.99501287213658,39.57119268762119",complete,10923,10923,1,original,1,0,1:10923,1:10923,1:complete,True,2026-10-08T13:30:18.064486+00:00
6,3,0,"-104.99501287213658,39.34783585303245,-104.65558407460871,39.57119268762119",subdivided,,0,2,,2,0,1:3141;2:None,1:unavailable;2:unavailable,1:service_failure;2:service_failure,False,2026-10-08T13:32:11.196462+00:00;2026-10-08T13:38:41.563187+00:00
6,3.0,1,"-104.99501287213658,39.34783585303245,-104.82529847337264,39.45951427032682",subdivided,,0,2,,2,0,1:None;2:None,1:unavailable;2:unavailable,1:service_failure;2:service_failure,False,2026-10-08T13:41:41.834918+00:00;2026-10-08T13:45:43.995979+00:00
6,3.0.0,2,"-104.99501287213658,39.34783585303245,-104.91015567275461,39.403675061679635",complete,252,252,1,original,1,0,1:252,1:252,1:complete,True,2026-10-08T13:48:44.309798+00:00
6,3.0.1,2,"-104.91015567275461,39.34783585303245,-104.82529847337264,39.403675061679635",complete,163,163,1,original,1,0,1:163,1:163,1:complete,True,2026-10-08T13:51:15.412880+00:00
6,3.0.2,2,"-104.99501287213658,39.403675061679635,-104.91015567275461,39.45951427032682",complete,341,341,1,original,1,0,1:341,1:341,1:complete,True,2026-10-08T13:56:01.432471+00:00
6,3.0.3,2,"-104.91015567275461,39.403675061679635,-104.82529847337264,39.45951427032682",complete,176,176,2,original,2,0,1:None;2:176,1:unavailable;2:176,1:service_failure;2:complete,True,2026-10-08T13:58:28.620547+00:00;2026-10-08T14:02:30.597902+00:00
6,3.1,1,"-104.82529847337264,39.34783585303245,-104.65558407460871,39.45951427032682",subdivided,,0,2,,2,0,1:None;2:748,1:unavailable;2:unavailable,1:service_failure;2:service_failure,False,2026-10-08T14:02:52.844210+00:00;2026-10-08T14:06:54.820801+00:00
6,3.1.0,2,"-104.82529847337264,39.34783585303245,-104.74044127399068,39.403675061679635",complete,169,169,2,original,2,0,1:169;2:169,1:unavailable;2:169,1:service_failure;2:complete,True,2026-10-08T14:11:40.957874+00:00;2026-10-08T14:17:17.678352+00:00
6,3.1.1,2,"-104.74044127399068,39.34783585303245,-104.65558407460871,39.403675061679635",complete,198,198,3,resume-1,2,1,1:None;2:198;1:198,1:unavailable;2:unavailable;1:198,1:service_failure;2:service_failure;1:complete,True,2026-10-08T14:18:28.553870+00:00;2026-10-08T14:22:30.524882+00:00;2026-10-08T16:16:38.868479+00:00
6,3.1.2,2,"-104.82529847337264,39.403675061679635,-104.74044127399068,39.45951427032682",complete,163,163,1,resume-1,0,1,1:163,1:163,1:complete,True,2026-10-08T16:17:29.701742+00:00
6,3.1.3,2,"-104.74044127399068,39.403675061679635,-104.65558407460871,39.45951427032682",complete,253,253,1,resume-1,0,1,1:253,1:253,1:complete,True,2026-10-08T16:17:59.978100+00:00
6,3.2,1,"-104.99501287213658,39.45951427032682,-104.82529847337264,39.57119268762119",complete,809,809,1,resume-1,0,1,1:809,1:809,1:complete,True,2026-10-08T16:18:34.002298+00:00
6,3.3,1,"-104.82529847337264,39.45951427032682,-104.65558407460871,39.57119268762119",complete,742,742,1,resume-1,0,1,1:742,1:742,1:complete,True,2026-10-08T16:18:54.562880+00:00
12,0,0,"-105.33444166966446,39.1244790184437,-104.99501287213658,39.34783585303245",complete,55,55,1,resume-1,0,1,1:55,1:55,1:complete,True,2026-10-08T22:08:06.572056+00:00
12,1,0,"-104.99501287213658,39.1244790184437,-104.65558407460871,39.34783585303245",complete,894,894,1,resume-1,0,1,1:894,1:894,1:complete,True,2026-10-08T22:08:11.036183+00:00
12,2,0,"-105.33444166966446,39.34783585303245,-104.99501287213658,39.57119268762119",complete,338,338,1,resume-1,0,1,1:338,1:338,1:complete,True,2026-10-08T22:08:15.725561+00:00
12,3,0,"-104.99501287213658,39.34783585303245,-104.65558407460871,39.57119268762119",complete,1082,1082,1,resume-1,0,1,1:1082,1:1082,1:complete,True,2026-10-08T22:08:20.259789+00:00
