request_file,utc_start,utc_finish,transport_outcome,interpreted_outcome,http_status,error,request_sha256,section9_new_request,layer,page,attempt,batch_size,outFields,timeout_seconds
douglas-co-flowline-pages/request-0001-1.json,2026-10-08T16:19:11.865903+00:00,2026-10-08T16:19:12.083308+00:00,received,SUCCESS,200,,1fb7bd06167951f44e7063a85db1231ddd9458e02766373798285ce26f44b53d,False,6,1,1,250,"permanent_identifier,gnis_id,gnis_name,ftype,fcode,reachcode,lengthkm,visibilityfilter,wbarea_permanent_identifier,fdate,OBJECTID",120
douglas-co-flowline-pages/request-0002-1.json,2026-10-08T16:19:14.088340+00:00,2026-10-08T16:19:14.451916+00:00,received,SUCCESS,200,,06521e5fbb0248e71e423a2e3497e032bf91459914ad41e4000d260bcb146c1a,False,6,2,1,250,"permanent_identifier,gnis_id,gnis_name,ftype,fcode,reachcode,lengthkm,visibilityfilter,wbarea_permanent_identifier,fdate,OBJECTID",120
douglas-co-flowline-pages/request-0003-1.json,2026-10-08T16:19:16.459518+00:00,2026-10-08T16:19:23.793843+00:00,received,SUCCESS,200,,620e8310ea493740571413101ef581952735b4247fcfe1ea8ea52e5a6eccfa43,False,6,3,1,250,"permanent_identifier,gnis_id,gnis_name,ftype,fcode,reachcode,lengthkm,visibilityfilter,wbarea_permanent_identifier,fdate,OBJECTID",120
douglas-co-flowline-pages/request-0004-1.json,2026-10-08T16:19:25.800754+00:00,2026-10-08T16:19:26.328863+00:00,received,SUCCESS,200,,202cd18fd736b003b1e02b8a890ff3f4919188fe739276713bb7cc6a6fa3d7ff,False,6,4,1,250,"permanent_identifier,gnis_id,gnis_name,ftype,fcode,reachcode,lengthkm,visibilityfilter,wbarea_permanent_identifier,fdate,OBJECTID",120
douglas-co-flowline-pages/request-0005-1.json,2026-10-08T16:19:28.337565+00:00,2026-10-08T16:19:28.699405+00:00,received,SUCCESS,200,,aeff50886a5dc6f677ed08bf64fb09c67df0b36c8b502a56454c3e0890db6978,False,6,5,1,250,"permanent_identifier,gnis_id,gnis_name,ftype,fcode,reachcode,lengthkm,visibilityfilter,wbarea_permanent_identifier,fdate,OBJECTID",120
douglas-co-flowline-pages/request-0006-1.json,2026-10-08T16:19:30.707678+00:00,2026-10-08T16:19:31.068882+00:00,received,SUCCESS,200,,49688b80f08e5ad2cdca73da3e603b82429a88d027a942eeb75cfa1de216fa16,False,6,6,1,250,"permanent_identifier,gnis_id,gnis_name,ftype,fcode,reachcode,lengthkm,visibilityfilter,wbarea_permanent_identifier,fdate,OBJECTID",120
douglas-co-flowline-pages/request-0007-1.json,2026-10-08T16:19:33.075162+00:00,2026-10-08T16:19:33.374598+00:00,received,SUCCESS,200,,27dc27dfb4210bbee3cb96bc7b121a880a81c8459d9da0ecbdd78c5e4cc8d901,False,6,7,1,250,"permanent_identifier,gnis_id,gnis_name,ftype,fcode,reachcode,lengthkm,visibilityfilter,wbarea_permanent_identifier,fdate,OBJECTID",120
douglas-co-flowline-pages/request-0008-1.json,2026-10-08T16:19:35.379885+00:00,2026-10-08T16:19:39.082615+00:00,received,SUCCESS,200,,55159b68fce609fe9307163ed34fa6c493d4694b8a85230ba6e8fd87289f6c24,False,6,8,1,250,"permanent_identifier,gnis_id,gnis_name,ftype,fcode,reachcode,lengthkm,visibilityfilter,wbarea_permanent_identifier,fdate,OBJECTID",120
douglas-co-flowline-pages/request-0009-1.json,2026-10-08T16:19:41.091231+00:00,2026-10-08T16:19:41.335375+00:00,received,SUCCESS,200,,59041c81ac050f9b905a77776c13dbd5592b6927d6ae4e4bab0f85b0c4fa147f,False,6,9,1,250,"permanent_identifier,gnis_id,gnis_name,ftype,fcode,reachcode,lengthkm,visibilityfilter,wbarea_permanent_identifier,fdate,OBJECTID",120
douglas-co-flowline-pages/request-0010-1.json,2026-10-08T16:19:43.341899+00:00,2026-10-08T16:19:43.614532+00:00,received,SUCCESS,200,,4bbfc3d41e66429d1c8f8715df61607b1a320ee7e23f5d5f0aed0cd79d58bb24,False,6,10,1,250,"permanent_identifier,gnis_id,gnis_name,ftype,fcode,reachcode,lengthkm,visibilityfilter,wbarea_permanent_identifier,fdate,OBJECTID",120
douglas-co-flowline-pages/request-0011-1.json,2026-10-08T16:19:45.621260+00:00,2026-10-08T16:19:46.015274+00:00,received,SUCCESS,200,,2410e7eb79bdff566686b31933661420106cc708fe698070e096cf0040fef5a0,False,6,11,1,250,"permanent_identifier,gnis_id,gnis_name,ftype,fcode,reachcode,lengthkm,visibilityfilter,wbarea_permanent_identifier,fdate,OBJECTID",120
douglas-co-flowline-pages/request-0012-1.json,2026-10-08T16:19:48.023426+00:00,2026-10-08T16:19:48.220606+00:00,received,SUCCESS,200,,7fa8b26e7b6e594ca7c4591ffb46c7a7be995abb14e649a5ba7edf6b4e97b623,False,6,12,1,250,"permanent_identifier,gnis_id,gnis_name,ftype,fcode,reachcode,lengthkm,visibilityfilter,wbarea_permanent_identifier,fdate,OBJECTID",120
douglas-co-flowline-pages/request-0013-1.json,2026-10-08T16:19:50.227275+00:00,2026-10-08T16:19:50.566850+00:00,received,SUCCESS,200,,5cf1577214a8986152cafdf8ff7ab5c96c8993634e70e688778feec851656ee2,False,6,13,1,250,"permanent_identifier,gnis_id,gnis_name,ftype,fcode,reachcode,lengthkm,visibilityfilter,wbarea_permanent_identifier,fdate,OBJECTID",120
douglas-co-flowline-pages/request-0014-1.json,2026-10-08T16:19:52.574075+00:00,2026-10-08T16:19:52.943362+00:00,received,SUCCESS,200,,5e05664269a29a4058c802caf6669fcc8a5e2e5826ab4eb551fc51c60812108c,False,6,14,1,250,"permanent_identifier,gnis_id,gnis_name,ftype,fcode,reachcode,lengthkm,visibilityfilter,wbarea_permanent_identifier,fdate,OBJECTID",120
douglas-co-flowline-pages/request-0015-1.json,2026-10-08T16:19:54.950208+00:00,2026-10-08T16:19:55.308133+00:00,received,SUCCESS,200,,a81fdab6a8449f8fa942847a61d7adcca667c007621d0d187e5c58cc545c137f,False,6,15,1,250,"permanent_identifier,gnis_id,gnis_name,ftype,fcode,reachcode,lengthkm,visibilityfilter,wbarea_permanent_identifier,fdate,OBJECTID",120
douglas-co-flowline-pages/request-0016-1.json,2026-10-08T16:19:57.318628+00:00,2026-10-08T16:19:57.794790+00:00,received,SUCCESS,200,,e07a5748fb369ea4e6764d0c5ee0927b41214db11454ed00bc9543aa09ebb66c,False,6,16,1,250,"permanent_identifier,gnis_id,gnis_name,ftype,fcode,reachcode,lengthkm,visibilityfilter,wbarea_permanent_identifier,fdate,OBJECTID",120
douglas-co-flowline-pages/request-0017-1.json,2026-10-08T16:19:59.806110+00:00,2026-10-08T16:20:00.283770+00:00,received,SUCCESS,200,,08f5a1e39648d84d9f2697b01953fc9f17c8a5276770aeecfc799d4000456a4f,False,6,17,1,250,"permanent_identifier,gnis_id,gnis_name,ftype,fcode,reachcode,lengthkm,visibilityfilter,wbarea_permanent_identifier,fdate,OBJECTID",120
douglas-co-flowline-pages/request-0018-1.json,2026-10-08T16:20:02.292746+00:00,2026-10-08T16:20:07.281158+00:00,received,SUCCESS,200,,fd45f40dc63457a3f5a9f656f8df6f752bdfabb38c3af7a571ace99e3aa69564,False,6,18,1,250,"permanent_identifier,gnis_id,gnis_name,ftype,fcode,reachcode,lengthkm,visibilityfilter,wbarea_permanent_identifier,fdate,OBJECTID",120
douglas-co-flowline-pages/request-0019-1.json,2026-10-08T16:20:09.287581+00:00,2026-10-08T16:20:09.641470+00:00,received,SUCCESS,200,,eba11444b9f6a88c27d18d485675f3bd4ebf3207d2feb826d2555a53a9c4a887,False,6,19,1,250,"permanent_identifier,gnis_id,gnis_name,ftype,fcode,reachcode,lengthkm,visibilityfilter,wbarea_permanent_identifier,fdate,OBJECTID",120
douglas-co-flowline-pages/request-0020-1.json,2026-10-08T16:20:11.648605+00:00,2026-10-08T16:20:14.061860+00:00,received,SUCCESS,200,,5d22a7b0787071d30df7a3fd40f37adca9d2f540e0dc67eda2f83f29f891c7be,False,6,20,1,250,"permanent_identifier,gnis_id,gnis_name,ftype,fcode,reachcode,lengthkm,visibilityfilter,wbarea_permanent_identifier,fdate,OBJECTID",120
douglas-co-flowline-pages/request-0021-1.json,2026-10-08T16:20:16.069518+00:00,2026-10-08T16:20:16.262506+00:00,received,SUCCESS,200,,bc01396561f2a02b6eb65ff2917525112c552a65647dc6b67685478d80f41e73,False,6,21,1,250,"permanent_identifier,gnis_id,gnis_name,ftype,fcode,reachcode,lengthkm,visibilityfilter,wbarea_permanent_identifier,fdate,OBJECTID",120
douglas-co-flowline-pages/request-0022-1.json,2026-10-08T16:20:18.268896+00:00,2026-10-08T16:20:18.521857+00:00,received,SUCCESS,200,,07422f67592bc48ac7fa08c25ca9baa896e66ec637229ecec7cea2889ddb4773,False,6,22,1,250,"permanent_identifier,gnis_id,gnis_name,ftype,fcode,reachcode,lengthkm,visibilityfilter,wbarea_permanent_identifier,fdate,OBJECTID",120
douglas-co-flowline-pages/request-0023-1.json,2026-10-08T16:20:20.526573+00:00,2026-10-08T16:20:20.777477+00:00,received,SUCCESS,200,,3bb07051c11ba6fdd7298774f2c4cd19f612e9af8cb28c05895a797ece0ecae4,False,6,23,1,250,"permanent_identifier,gnis_id,gnis_name,ftype,fcode,reachcode,lengthkm,visibilityfilter,wbarea_permanent_identifier,fdate,OBJECTID",120
douglas-co-flowline-pages/request-0024-1.json,2026-10-08T16:20:22.785545+00:00,2026-10-08T16:20:24.629013+00:00,received,SUCCESS,200,,04f71729cea72fd5156ca091640a25bcd7a44dcf5249a315ff496b4afe4e4fdc,False,6,24,1,250,"permanent_identifier,gnis_id,gnis_name,ftype,fcode,reachcode,lengthkm,visibilityfilter,wbarea_permanent_identifier,fdate,OBJECTID",120
douglas-co-flowline-pages/request-0025-1.json,2026-10-08T16:20:26.636726+00:00,2026-10-08T16:20:26.924690+00:00,received,SUCCESS,200,,637dca079b84f2c99a56b9d1760c2523a582851cb78fecc049b8defb435b6f0a,False,6,25,1,250,"permanent_identifier,gnis_id,gnis_name,ftype,fcode,reachcode,lengthkm,visibilityfilter,wbarea_permanent_identifier,fdate,OBJECTID",120
douglas-co-flowline-pages/request-0026-1.json,2026-10-08T16:20:28.930502+00:00,2026-10-08T16:20:29.233177+00:00,received,SUCCESS,200,,ce3581054480b221ee6d1d3abc7657bc202aa4e64dde6a18737d98c333c424d2,False,6,26,1,250,"permanent_identifier,gnis_id,gnis_name,ftype,fcode,reachcode,lengthkm,visibilityfilter,wbarea_permanent_identifier,fdate,OBJECTID",120
douglas-co-flowline-pages/request-0027-1.json,2026-10-08T16:20:31.254198+00:00,2026-10-08T16:20:44.153630+00:00,received,SUCCESS,200,,9e3d9de2daa200f06575fdff71a5e58abd4c9ef9b58fdce9a02e7299f8de76e5,False,6,27,1,250,"permanent_identifier,gnis_id,gnis_name,ftype,fcode,reachcode,lengthkm,visibilityfilter,wbarea_permanent_identifier,fdate,OBJECTID",120
douglas-co-flowline-pages/request-0028-1.json,2026-10-08T16:20:46.162478+00:00,2026-10-08T16:20:46.538693+00:00,received,SUCCESS,200,,b9cf6f088804ba7effa718823a892f3c0a8eb71ae4f74b8d57b9b23dd0f1e473,False,6,28,1,250,"permanent_identifier,gnis_id,gnis_name,ftype,fcode,reachcode,lengthkm,visibilityfilter,wbarea_permanent_identifier,fdate,OBJECTID",120
douglas-co-flowline-pages/request-0029-1.json,2026-10-08T16:20:48.541970+00:00,2026-10-08T16:20:56.169018+00:00,received,SUCCESS,200,,487295611fcb5b4a2b329a6d23e3fef40c7ec33a80c11983db66ad3ec5dbee07,False,6,29,1,250,"permanent_identifier,gnis_id,gnis_name,ftype,fcode,reachcode,lengthkm,visibilityfilter,wbarea_permanent_identifier,fdate,OBJECTID",120
douglas-co-flowline-pages/request-0030-1.json,2026-10-08T16:20:58.178053+00:00,2026-10-08T16:20:58.501055+00:00,received,SUCCESS,200,,96c870abd38483284723dae99573e6d14484dfc1a24cbf94746a73c0aca97afc,False,6,30,1,250,"permanent_identifier,gnis_id,gnis_name,ftype,fcode,reachcode,lengthkm,visibilityfilter,wbarea_permanent_identifier,fdate,OBJECTID",120
douglas-co-flowline-pages/request-0031-1.json,2026-10-08T16:21:00.506254+00:00,2026-10-08T16:21:07.082621+00:00,received,SUCCESS,200,,38c0eb1dc15e9532f14886741c1a5eb9e858d424cb5e81b7aa6a13b6ceaccc5b,False,6,31,1,250,"permanent_identifier,gnis_id,gnis_name,ftype,fcode,reachcode,lengthkm,visibilityfilter,wbarea_permanent_identifier,fdate,OBJECTID",120
douglas-co-flowline-pages/request-0032-1.json,2026-10-08T16:21:09.088658+00:00,2026-10-08T16:21:09.515315+00:00,received,SUCCESS,200,,0101edec300296d5257e78df871f13ba62832af04c2153f976170878ca3cf86c,False,6,32,1,250,"permanent_identifier,gnis_id,gnis_name,ftype,fcode,reachcode,lengthkm,visibilityfilter,wbarea_permanent_identifier,fdate,OBJECTID",120
douglas-co-flowline-pages/request-0033-1.json,2026-10-08T16:21:11.521228+00:00,2026-10-08T16:21:11.729976+00:00,received,SUCCESS,200,,5c50de545bf0b38c5642ca99688aaf460d87619b1f1ef51de8c1eed56d375232,False,6,33,1,250,"permanent_identifier,gnis_id,gnis_name,ftype,fcode,reachcode,lengthkm,visibilityfilter,wbarea_permanent_identifier,fdate,OBJECTID",120
douglas-co-flowline-pages/request-0034-1.json,2026-10-08T16:21:13.739910+00:00,2026-10-08T16:21:14.537512+00:00,received,SUCCESS,200,,c6aa81fdfcffc0bcc92557b99200e1da8fec6e73ea8a219f8388ba0645ea1af6,False,6,34,1,250,"permanent_identifier,gnis_id,gnis_name,ftype,fcode,reachcode,lengthkm,visibilityfilter,wbarea_permanent_identifier,fdate,OBJECTID",120
douglas-co-flowline-pages/request-0035-1.json,2026-10-08T16:21:16.544667+00:00,2026-10-08T16:21:16.921275+00:00,received,SUCCESS,200,,cc0dfc33505f957a010c428ea58dd1b0d36b789bd9141145c77b7cb677c7531b,False,6,35,1,250,"permanent_identifier,gnis_id,gnis_name,ftype,fcode,reachcode,lengthkm,visibilityfilter,wbarea_permanent_identifier,fdate,OBJECTID",120
douglas-co-flowline-pages/request-0036-1.json,2026-10-08T16:21:18.930349+00:00,2026-10-08T16:21:20.321620+00:00,received,SUCCESS,200,,fb116705a90b0db9297e48a8f5e828eabe18ad662f37f38b8c9d9ec2080af97e,False,6,36,1,250,"permanent_identifier,gnis_id,gnis_name,ftype,fcode,reachcode,lengthkm,visibilityfilter,wbarea_permanent_identifier,fdate,OBJECTID",120
douglas-co-flowline-pages/request-0037-1.json,2026-10-08T16:21:22.326893+00:00,2026-10-08T16:21:22.639120+00:00,received,SUCCESS,200,,7e3f244430c521de086a749926a03df2afd4406f4453c81aa84f21e61c87e5f1,False,6,37,1,250,"permanent_identifier,gnis_id,gnis_name,ftype,fcode,reachcode,lengthkm,visibilityfilter,wbarea_permanent_identifier,fdate,OBJECTID",120
douglas-co-flowline-pages/request-0038-1.json,2026-10-08T16:21:24.645443+00:00,2026-10-08T16:21:25.189929+00:00,received,SUCCESS,200,,3af3bc2331a99c10eb7155503c9c6dfc8e20e14f160e6a308768fb721e5f4674,False,6,38,1,250,"permanent_identifier,gnis_id,gnis_name,ftype,fcode,reachcode,lengthkm,visibilityfilter,wbarea_permanent_identifier,fdate,OBJECTID",120
douglas-co-flowline-pages/request-0039-1.json,2026-10-08T16:21:27.195951+00:00,2026-10-08T16:21:28.161091+00:00,received,SUCCESS,200,,1df202c2903696b07c0a4843c74235d217fe27c049a147acd88c7e436c4738e4,False,6,39,1,250,"permanent_identifier,gnis_id,gnis_name,ftype,fcode,reachcode,lengthkm,visibilityfilter,wbarea_permanent_identifier,fdate,OBJECTID",120
douglas-co-flowline-pages/request-0040-1.json,2026-10-08T16:21:30.167919+00:00,2026-10-08T16:21:30.578159+00:00,received,SUCCESS,200,,8c576b32e1315b3f40c058d8b054fcd66a9e572c2ba4219ab249a5418f1196c7,False,6,40,1,250,"permanent_identifier,gnis_id,gnis_name,ftype,fcode,reachcode,lengthkm,visibilityfilter,wbarea_permanent_identifier,fdate,OBJECTID",120
douglas-co-flowline-pages/request-0041-1.json,2026-10-08T16:21:32.585332+00:00,2026-10-08T16:21:32.802461+00:00,received,SUCCESS,200,,a3159ea9776e0f8d947b087a7edf3637ba92e0f93f4833d448831f9a74a15d47,False,6,41,1,250,"permanent_identifier,gnis_id,gnis_name,ftype,fcode,reachcode,lengthkm,visibilityfilter,wbarea_permanent_identifier,fdate,OBJECTID",120
douglas-co-flowline-pages/request-0042-1.json,2026-10-08T16:21:34.810225+00:00,2026-10-08T16:21:35.007604+00:00,received,SUCCESS,200,,4bed0fa21966e4bcf5b8ffc0b0e4fb7a997ed10e6b7233c3d72c9b9c324fec24,False,6,42,1,250,"permanent_identifier,gnis_id,gnis_name,ftype,fcode,reachcode,lengthkm,visibilityfilter,wbarea_permanent_identifier,fdate,OBJECTID",120
douglas-co-flowline-pages/request-0043-1.json,2026-10-08T16:21:37.016856+00:00,2026-10-08T16:21:37.239443+00:00,received,SUCCESS,200,,9f2a71ca217aad76e8a76d3f4fbdccbac3e76b6a9b656d11a75bcbe6ba5e7381,False,6,43,1,250,"permanent_identifier,gnis_id,gnis_name,ftype,fcode,reachcode,lengthkm,visibilityfilter,wbarea_permanent_identifier,fdate,OBJECTID",120
douglas-co-flowline-pages/request-0044-1.json,2026-10-08T16:21:39.245922+00:00,2026-10-08T16:21:39.451589+00:00,received,SUCCESS,200,,dfb287303aa1a500bcaa5d4302b80aaf6cff1b656fd94e2049b5ccfab45a82c8,False,6,44,1,250,"permanent_identifier,gnis_id,gnis_name,ftype,fcode,reachcode,lengthkm,visibilityfilter,wbarea_permanent_identifier,fdate,OBJECTID",120
douglas-co-flowline-pages/request-0045-1.json,2026-10-08T16:21:41.457884+00:00,2026-10-08T16:21:41.761782+00:00,received,SUCCESS,200,,ea566a62c49020b76d85553c78f467a3ba126c21d7d58f49077ac3aa760a4507,False,6,45,1,250,"permanent_identifier,gnis_id,gnis_name,ftype,fcode,reachcode,lengthkm,visibilityfilter,wbarea_permanent_identifier,fdate,OBJECTID",120
douglas-co-flowline-pages/request-0046-1.json,2026-10-08T16:21:43.772101+00:00,2026-10-08T16:21:44.112886+00:00,received,SUCCESS,200,,d2641f2b28a3ce6f55dcd5fe40329915433a40ac1976641ce584f2945f8c95c1,False,6,46,1,250,"permanent_identifier,gnis_id,gnis_name,ftype,fcode,reachcode,lengthkm,visibilityfilter,wbarea_permanent_identifier,fdate,OBJECTID",120
douglas-co-flowline-pages/request-0047-1.json,2026-10-08T16:21:46.118095+00:00,2026-10-08T16:21:47.082905+00:00,received,SUCCESS,200,,581edebd1db2265cfc18aa20122ff8c258599d6d8c19f497e4e3b11255448f7a,False,6,47,1,250,"permanent_identifier,gnis_id,gnis_name,ftype,fcode,reachcode,lengthkm,visibilityfilter,wbarea_permanent_identifier,fdate,OBJECTID",120
douglas-co-flowline-pages/request-0048-1.json,2026-10-08T16:21:49.090884+00:00,2026-10-08T16:21:49.343350+00:00,received,SUCCESS,200,,5ccba6a21ea44c814445e7aa00f389b25bfb2a14ae4cd9202e9eecf3f8eb2eb7,False,6,48,1,250,"permanent_identifier,gnis_id,gnis_name,ftype,fcode,reachcode,lengthkm,visibilityfilter,wbarea_permanent_identifier,fdate,OBJECTID",120
douglas-co-flowline-pages/request-0049-1.json,2026-10-08T16:21:51.350071+00:00,2026-10-08T16:21:54.153244+00:00,received,SUCCESS,200,,01faa22f69b13a72a7f10435c28f983a3f20c8139a5b16126304c71de7e23713,False,6,49,1,250,"permanent_identifier,gnis_id,gnis_name,ftype,fcode,reachcode,lengthkm,visibilityfilter,wbarea_permanent_identifier,fdate,OBJECTID",120
douglas-co-flowline-pages/request-0050-1.json,2026-10-08T16:21:56.162234+00:00,2026-10-08T16:21:56.674352+00:00,received,SUCCESS,200,,e91bd0ededb81f0c913ba392955cb79ed1fa1a3cc53ebb032d908f37abf96019,False,6,50,1,250,"permanent_identifier,gnis_id,gnis_name,ftype,fcode,reachcode,lengthkm,visibilityfilter,wbarea_permanent_identifier,fdate,OBJECTID",120
douglas-co-flowline-pages/request-0051-1.json,2026-10-08T16:21:58.681641+00:00,2026-10-08T16:22:03.863229+00:00,received,SUCCESS,200,,5c58f35d62f08dd313c0c4db5d0782f8cc576390d3f52e0f7787ac28832073e2,False,6,51,1,250,"permanent_identifier,gnis_id,gnis_name,ftype,fcode,reachcode,lengthkm,visibilityfilter,wbarea_permanent_identifier,fdate,OBJECTID",120
douglas-co-flowline-pages/request-0052-1.json,2026-10-08T16:22:05.874718+00:00,2026-10-08T16:22:12.122617+00:00,interrupted,INTERRUPTED,,request interrupted; response unknown,36f092fccc10eb16ddd3cc27309e98bb2236e1b482d335ecca169d56f66db275,False,6,52,1,250,"permanent_identifier,gnis_id,gnis_name,ftype,fcode,reachcode,lengthkm,visibilityfilter,wbarea_permanent_identifier,fdate,OBJECTID",120
douglas-co-flowline-pages/request-0052-2.json,2026-10-08T17:23:34.380527+00:00,2026-10-08T17:24:24.690313+00:00,received,SUCCESS,200,,4a574a0c816f19e2edf869bcb20a44ccf3b4a465949856a10a5c0d7aecf1c440,False,6,52,2,250,"permanent_identifier,gnis_id,gnis_name,ftype,fcode,reachcode,lengthkm,visibilityfilter,wbarea_permanent_identifier,fdate,OBJECTID",120
douglas-co-flowline-pages/request-0053-1.json,2026-10-08T17:24:26.699842+00:00,2026-10-08T17:24:36.791232+00:00,received,SERVICE_FAILURE,504,HTTP 504,a3e590a99c79ec63209e83577bdb51bbb31af502fd083806d530f88dcdb1c3d5,False,6,53,1,250,"permanent_identifier,gnis_id,gnis_name,ftype,fcode,reachcode,lengthkm,visibilityfilter,wbarea_permanent_identifier,fdate,OBJECTID",120
douglas-co-flowline-pages/request-0053-2.json,2026-10-08T17:41:16.344130+00:00,2026-10-08T17:41:19.353700+00:00,received,SUCCESS,200,,eb9229f480e7d87445195468c0ac033703f8884f3c307f2228c313e0090c4ea2,False,6,53,2,250,"permanent_identifier,gnis_id,gnis_name,ftype,fcode,reachcode,lengthkm,visibilityfilter,wbarea_permanent_identifier,fdate,OBJECTID",120
douglas-co-flowline-pages/request-0054-1.json,2026-10-08T17:41:21.367138+00:00,2026-10-08T17:41:32.616899+00:00,received,SUCCESS,200,,4dc87afbf611e5709847b23b0db6927afc8e216979ee23aa3ee4fc8946f31fe7,False,6,54,1,250,"permanent_identifier,gnis_id,gnis_name,ftype,fcode,reachcode,lengthkm,visibilityfilter,wbarea_permanent_identifier,fdate,OBJECTID",120
douglas-co-flowline-pages/request-0055-1.json,2026-10-08T17:41:34.625279+00:00,2026-10-08T17:41:45.722458+00:00,received,SUCCESS,200,,f331b4991f05cad79119e139eda1a8720cc77eaec5a6df653e501a9008ff0401,False,6,55,1,250,"permanent_identifier,gnis_id,gnis_name,ftype,fcode,reachcode,lengthkm,visibilityfilter,wbarea_permanent_identifier,fdate,OBJECTID",120
douglas-co-flowline-pages/request-0056-1.json,2026-10-08T17:41:47.733393+00:00,2026-10-08T17:41:57.799468+00:00,received,SERVICE_FAILURE,504,HTTP 504,f3673657f0cd6587cca466506dd825038883cceffadbc9c9613142650e16b812,False,6,56,1,250,"permanent_identifier,gnis_id,gnis_name,ftype,fcode,reachcode,lengthkm,visibilityfilter,wbarea_permanent_identifier,fdate,OBJECTID",120
douglas-co-flowline-pages/request-0056-2.json,2026-10-08T17:57:30.300743+00:00,2026-10-08T17:59:30.553291+00:00,service_failure,SERVICE_FAILURE,,"HTTPSConnectionPool(host='hydro.nationalmap.gov', port=443): Read timed out. (read timeout=120)",c06e218e5bc5d00c732db8f096b3aa715efa9191a644aec7865b60a74c0e06f2,False,6,56,2,250,"permanent_identifier,gnis_id,gnis_name,ftype,fcode,reachcode,lengthkm,visibilityfilter,wbarea_permanent_identifier,fdate,OBJECTID",120
douglas-co-flowline-pages/request-0056-3.json,2026-10-08T21:32:05.700870+00:00,2026-10-08T21:34:05.936364+00:00,service_failure,SERVICE_FAILURE,,"HTTPSConnectionPool(host='hydro.nationalmap.gov', port=443): Read timed out. (read timeout=120)",8327c15d99a9ff9dc028629c61fc1baa57f7477fd5f5c2d2cbeeb3cdd32b20b3,True,6,56,3,250,"permanent_identifier,gnis_id,gnis_name,ftype,fcode,reachcode,lengthkm,visibilityfilter,wbarea_permanent_identifier,fdate,OBJECTID",120
douglas-co-flowline-pages/request-0057-1.json,2026-10-08T21:34:07.947030+00:00,2026-10-08T21:34:40.934973+00:00,received,SUCCESS,200,,b0752e6418c51f4215d8a03eca585bf71598ceeb235669e6484bb23d20aa4a9b,True,6,57,1,250,"permanent_identifier,gnis_id,gnis_name,ftype,fcode,reachcode,lengthkm,visibilityfilter,wbarea_permanent_identifier,fdate,OBJECTID",120
douglas-co-flowline-pages/request-0058-1.json,2026-10-08T21:34:42.946246+00:00,2026-10-08T21:34:43.409061+00:00,received,SUCCESS,200,,eb64c6c6d410fc0750fd07223557cf4db2590f6a59a2ce75e764c954280351ed,True,6,58,1,250,"permanent_identifier,gnis_id,gnis_name,ftype,fcode,reachcode,lengthkm,visibilityfilter,wbarea_permanent_identifier,fdate,OBJECTID",120
douglas-co-flowline-pages/request-0059-1.json,2026-10-08T21:34:45.418887+00:00,2026-10-08T21:36:40.771116+00:00,received,SUCCESS,200,,0ebbed62885bec17ac1f552db0e900038d87443384dee5ca3638bec662d78b42,True,6,59,1,250,"permanent_identifier,gnis_id,gnis_name,ftype,fcode,reachcode,lengthkm,visibilityfilter,wbarea_permanent_identifier,fdate,OBJECTID",120
douglas-co-flowline-pages/request-0060-1.json,2026-10-08T21:36:42.780843+00:00,2026-10-08T21:37:00.955041+00:00,received,SUCCESS,200,,87b423a5c5ab41ceaf19881959e4e1b7b88d8b76455506fa3ee5afd734e788b6,True,6,60,1,250,"permanent_identifier,gnis_id,gnis_name,ftype,fcode,reachcode,lengthkm,visibilityfilter,wbarea_permanent_identifier,fdate,OBJECTID",120
douglas-co-flowline-pages/request-0061-1.json,2026-10-08T21:37:02.967417+00:00,2026-10-08T21:37:13.964533+00:00,received,SUCCESS,200,,665480f01bfb9dab0445ebb69ea1ce52c34bd826170cc5a7fdaa698a86259e66,True,6,61,1,250,"permanent_identifier,gnis_id,gnis_name,ftype,fcode,reachcode,lengthkm,visibilityfilter,wbarea_permanent_identifier,fdate,OBJECTID",120
douglas-co-flowline-pages/request-0062-1.json,2026-10-08T21:37:15.973814+00:00,2026-10-08T21:39:15.981187+00:00,service_failure,SERVICE_FAILURE,,"HTTPSConnectionPool(host='hydro.nationalmap.gov', port=443): Read timed out. (read timeout=120)",a90b59160c23b9bd709a004b9437287afe95ec21a872e33479b6f54af095fb76,True,6,62,1,250,"permanent_identifier,gnis_id,gnis_name,ftype,fcode,reachcode,lengthkm,visibilityfilter,wbarea_permanent_identifier,fdate,OBJECTID",120
douglas-co-flowline-pages/request-0063-1.json,2026-10-08T21:39:17.993607+00:00,2026-10-08T21:40:04.541445+00:00,received,SUCCESS,200,,8ea638e1b93038c991c9b010e212fac80acfc651111efa9ce109fecff1ee0f02,True,6,63,1,250,"permanent_identifier,gnis_id,gnis_name,ftype,fcode,reachcode,lengthkm,visibilityfilter,wbarea_permanent_identifier,fdate,OBJECTID",120
douglas-co-flowline-pages/request-0064-1.json,2026-10-08T21:40:06.553014+00:00,2026-10-08T21:41:04.504780+00:00,received,SUCCESS,200,,3b36f209405d59691af67762c48357d2d3ea703226c8c054efeb9db2880f09b1,True,6,64,1,250,"permanent_identifier,gnis_id,gnis_name,ftype,fcode,reachcode,lengthkm,visibilityfilter,wbarea_permanent_identifier,fdate,OBJECTID",120
douglas-co-flowline-pages/request-0065-1.json,2026-10-08T21:41:06.510973+00:00,2026-10-08T21:43:06.518722+00:00,service_failure,SERVICE_FAILURE,,"HTTPSConnectionPool(host='hydro.nationalmap.gov', port=443): Read timed out. (read timeout=120)",6823f6a4b9b4a57a1173e56a39a4a5643a2c2b407245d18f9524fe62679840a7,True,6,65,1,250,"permanent_identifier,gnis_id,gnis_name,ftype,fcode,reachcode,lengthkm,visibilityfilter,wbarea_permanent_identifier,fdate,OBJECTID",120
douglas-co-flowline-pages/request-0066-1.json,2026-10-08T21:43:08.525028+00:00,2026-10-08T21:45:01.185679+00:00,received,SUCCESS,200,,4365b84759d7d36956032d8018dd1ceb0bd69bf579c3309942b6f56011eed985,True,6,66,1,250,"permanent_identifier,gnis_id,gnis_name,ftype,fcode,reachcode,lengthkm,visibilityfilter,wbarea_permanent_identifier,fdate,OBJECTID",120
douglas-co-flowline-pages/request-0067-1.json,2026-10-08T21:45:03.194851+00:00,2026-10-08T21:46:01.033191+00:00,received,SUCCESS,200,,39186803b07461f6f0d9c67121cd5dd7fbae7506f6d098123c5e1768f81a0601,True,6,67,1,250,"permanent_identifier,gnis_id,gnis_name,ftype,fcode,reachcode,lengthkm,visibilityfilter,wbarea_permanent_identifier,fdate,OBJECTID",120
douglas-co-flowline-pages/request-0068-1.json,2026-10-08T21:46:03.038865+00:00,2026-10-08T21:46:22.885826+00:00,received,SUCCESS,200,,5d60aa861052933c0a13090c37e3686da0b2533bb0dc999d38f8d119c1bf2a99,True,6,68,1,250,"permanent_identifier,gnis_id,gnis_name,ftype,fcode,reachcode,lengthkm,visibilityfilter,wbarea_permanent_identifier,fdate,OBJECTID",120
douglas-co-flowline-pages/request-0069-1.json,2026-10-08T21:46:24.892959+00:00,2026-10-08T21:46:46.912747+00:00,received,SUCCESS,200,,4e3c2bdcb449d39fc7c37bbaf8b54b7e2bab4eef1fffc7f5d4f895286e80a6ef,True,6,69,1,250,"permanent_identifier,gnis_id,gnis_name,ftype,fcode,reachcode,lengthkm,visibilityfilter,wbarea_permanent_identifier,fdate,OBJECTID",120
douglas-co-flowline-pages/request-0070-1.json,2026-10-08T21:46:48.920395+00:00,2026-10-08T21:47:47.562502+00:00,received,SUCCESS,200,,89c39b833a81faafc42a6bbe2708f5931f96625e507634cc7238f9fdec9df27c,True,6,70,1,250,"permanent_identifier,gnis_id,gnis_name,ftype,fcode,reachcode,lengthkm,visibilityfilter,wbarea_permanent_identifier,fdate,OBJECTID",120
douglas-co-flowline-pages/request-0071-1.json,2026-10-08T21:47:49.566008+00:00,2026-10-08T21:48:22.106729+00:00,received,SUCCESS,200,,eac94b61808e8c5843d38e658711f005cfe44971887234557b5daac052645c82,True,6,71,1,250,"permanent_identifier,gnis_id,gnis_name,ftype,fcode,reachcode,lengthkm,visibilityfilter,wbarea_permanent_identifier,fdate,OBJECTID",120
douglas-co-flowline-pages/request-0072-1.json,2026-10-08T21:48:24.114640+00:00,2026-10-08T21:48:28.691641+00:00,received,SUCCESS,200,,a13cca8ae1462f16cd2e07eda07434722dd1dd24914dac8166fb15f0845112b8,True,6,72,1,250,"permanent_identifier,gnis_id,gnis_name,ftype,fcode,reachcode,lengthkm,visibilityfilter,wbarea_permanent_identifier,fdate,OBJECTID",120
douglas-co-flowline-pages/request-0073-1.json,2026-10-08T21:48:30.699369+00:00,2026-10-08T21:48:50.260720+00:00,received,SUCCESS,200,,80e37a3b86f4a1091fba201dee22d0a2e4a79b00a9a228c9fd3306d927072f5a,True,6,73,1,250,"permanent_identifier,gnis_id,gnis_name,ftype,fcode,reachcode,lengthkm,visibilityfilter,wbarea_permanent_identifier,fdate,OBJECTID",120
douglas-co-flowline-pages/request-0074-1.json,2026-10-08T21:48:52.269029+00:00,2026-10-08T21:48:52.611081+00:00,received,SUCCESS,200,,022901a424c118ec037c46f694aba6020a96190be9d553ac789b97994fcb70a8,True,6,74,1,250,"permanent_identifier,gnis_id,gnis_name,ftype,fcode,reachcode,lengthkm,visibilityfilter,wbarea_permanent_identifier,fdate,OBJECTID",120
douglas-co-flowline-pages/request-0075-1.json,2026-10-08T21:48:54.620509+00:00,2026-10-08T21:48:54.910794+00:00,received,SUCCESS,200,,ff5f346a658263ff07b1641aca6c3fa51d9dfc778ef67483e58807ec6cb009b7,True,6,75,1,250,"permanent_identifier,gnis_id,gnis_name,ftype,fcode,reachcode,lengthkm,visibilityfilter,wbarea_permanent_identifier,fdate,OBJECTID",120
douglas-co-flowline-pages/request-0076-1.json,2026-10-08T21:48:56.918151+00:00,2026-10-08T21:49:02.104279+00:00,received,SUCCESS,200,,6bffa13750da25ec86350172c719a875f0b7f884b016f1ca335efc9a6e81be40,True,6,76,1,250,"permanent_identifier,gnis_id,gnis_name,ftype,fcode,reachcode,lengthkm,visibilityfilter,wbarea_permanent_identifier,fdate,OBJECTID",120
douglas-co-flowline-pages/request-0077-1.json,2026-10-08T21:49:04.111906+00:00,2026-10-08T21:49:04.358121+00:00,received,SUCCESS,200,,45c35258703da677d7d10f303f138abbaa7525995dfce12cfefb81e5ba3e7961,True,6,77,1,250,"permanent_identifier,gnis_id,gnis_name,ftype,fcode,reachcode,lengthkm,visibilityfilter,wbarea_permanent_identifier,fdate,OBJECTID",120
douglas-co-flowline-pages/request-0078-1.json,2026-10-08T21:49:06.367567+00:00,2026-10-08T21:49:10.541665+00:00,received,SUCCESS,200,,51b5eabcb551417d2efc9b48244dcd92ea46cee6da05ffecc1442e269a5f69f5,True,6,78,1,250,"permanent_identifier,gnis_id,gnis_name,ftype,fcode,reachcode,lengthkm,visibilityfilter,wbarea_permanent_identifier,fdate,OBJECTID",120
douglas-co-flowline-pages/request-0079-1.json,2026-10-08T21:49:12.548950+00:00,2026-10-08T21:49:12.910419+00:00,received,SUCCESS,200,,e95f6284cb093b3eac173eabf284837fe37c0627f1bdd69a2b8cf37c793940e5,True,6,79,1,250,"permanent_identifier,gnis_id,gnis_name,ftype,fcode,reachcode,lengthkm,visibilityfilter,wbarea_permanent_identifier,fdate,OBJECTID",120
douglas-co-flowline-pages/request-0080-1.json,2026-10-08T21:49:14.917118+00:00,2026-10-08T21:49:15.179269+00:00,received,SUCCESS,200,,d9a384f3e829b7a1083c51bc750c70fde5a22da92e49cde2dcbd607e5c926c79,True,6,80,1,250,"permanent_identifier,gnis_id,gnis_name,ftype,fcode,reachcode,lengthkm,visibilityfilter,wbarea_permanent_identifier,fdate,OBJECTID",120
douglas-co-flowline-pages/request-0081-1.json,2026-10-08T21:49:17.186892+00:00,2026-10-08T21:49:17.490250+00:00,received,SUCCESS,200,,9e903d88ad9ac0cb49e40b7017adfe3ff817ba3670516480d18ac4c76ddff102,True,6,81,1,250,"permanent_identifier,gnis_id,gnis_name,ftype,fcode,reachcode,lengthkm,visibilityfilter,wbarea_permanent_identifier,fdate,OBJECTID",120
douglas-co-flowline-pages/request-0082-1.json,2026-10-08T21:49:19.495655+00:00,2026-10-08T21:49:19.679404+00:00,received,SUCCESS,200,,4359401dd2f6cfa9c0d6db48dc6b4192604605700af231704cb8ba753961e468,True,6,82,1,250,"permanent_identifier,gnis_id,gnis_name,ftype,fcode,reachcode,lengthkm,visibilityfilter,wbarea_permanent_identifier,fdate,OBJECTID",120
douglas-co-flowline-pages/request-0083-1.json,2026-10-08T21:49:21.687313+00:00,2026-10-08T21:49:24.341925+00:00,received,SUCCESS,200,,8c2acae510a426cbbe550d73fd6f6e5b5830e2c6952b9e5902c8f7d0becc1ae4,True,6,83,1,250,"permanent_identifier,gnis_id,gnis_name,ftype,fcode,reachcode,lengthkm,visibilityfilter,wbarea_permanent_identifier,fdate,OBJECTID",120
douglas-co-flowline-pages/request-0084-1.json,2026-10-08T21:49:26.350049+00:00,2026-10-08T21:49:26.651980+00:00,received,SUCCESS,200,,2c735cf84555244b068acf3737e6274d4288058ee1893725d51990c4529e8865,True,6,84,1,250,"permanent_identifier,gnis_id,gnis_name,ftype,fcode,reachcode,lengthkm,visibilityfilter,wbarea_permanent_identifier,fdate,OBJECTID",120
douglas-co-flowline-pages/request-0085-1.json,2026-10-08T21:49:28.655922+00:00,2026-10-08T21:49:29.794533+00:00,received,SUCCESS,200,,d520caf35044099fc6e17b1181222cd27988d12be0f4dd8d0c255e6bdc4bae44,True,6,85,1,250,"permanent_identifier,gnis_id,gnis_name,ftype,fcode,reachcode,lengthkm,visibilityfilter,wbarea_permanent_identifier,fdate,OBJECTID",120
douglas-co-flowline-pages/request-0086-1.json,2026-10-08T21:49:31.800630+00:00,2026-10-08T21:49:32.752745+00:00,received,SUCCESS,200,,d9ec7b3965a47c65fe4e3d7c6cb649b0f78a61654116cdb0e0e4e2f976c2de1f,True,6,86,1,250,"permanent_identifier,gnis_id,gnis_name,ftype,fcode,reachcode,lengthkm,visibilityfilter,wbarea_permanent_identifier,fdate,OBJECTID",120
douglas-co-flowline-pages/request-0087-1.json,2026-10-08T21:49:34.761923+00:00,2026-10-08T21:49:39.996534+00:00,received,SUCCESS,200,,576c07d2fbb2298f65ee152b48f79a65a0375609278673a9800f7788bb46c619,True,6,87,1,250,"permanent_identifier,gnis_id,gnis_name,ftype,fcode,reachcode,lengthkm,visibilityfilter,wbarea_permanent_identifier,fdate,OBJECTID",120
douglas-co-flowline-pages/request-0088-1.json,2026-10-08T21:49:42.004007+00:00,2026-10-08T21:49:42.662167+00:00,received,SUCCESS,200,,d57063d8008806216dbfb70467fcb6edd558dfd1a0833d97b6c106de61a9c0de,True,6,88,1,250,"permanent_identifier,gnis_id,gnis_name,ftype,fcode,reachcode,lengthkm,visibilityfilter,wbarea_permanent_identifier,fdate,OBJECTID",120
douglas-co-flowline-pages/request-0089-1.json,2026-10-08T21:49:44.669520+00:00,2026-10-08T21:49:46.343079+00:00,received,SUCCESS,200,,b6c95c0c5315ade59a9014f9398803e37cb90cc9970bd4018ae53fe2492c7e4e,True,6,89,1,250,"permanent_identifier,gnis_id,gnis_name,ftype,fcode,reachcode,lengthkm,visibilityfilter,wbarea_permanent_identifier,fdate,OBJECTID",120
douglas-co-flowline-pages/request-0090-1.json,2026-10-08T21:49:48.350022+00:00,2026-10-08T21:49:48.802951+00:00,received,SUCCESS,200,,ef911413f14b2e83d9ea410185d87a39b655b54d8285927822e043ce531097e3,True,6,90,1,250,"permanent_identifier,gnis_id,gnis_name,ftype,fcode,reachcode,lengthkm,visibilityfilter,wbarea_permanent_identifier,fdate,OBJECTID",120
douglas-co-flowline-pages/request-0091-1.json,2026-10-08T21:49:50.810662+00:00,2026-10-08T21:49:51.746527+00:00,received,SUCCESS,200,,f1237d852aa81bdb6de7291d04c29aeca17d8dbd6c76dfb7373ffb9ca866bbe4,True,6,91,1,250,"permanent_identifier,gnis_id,gnis_name,ftype,fcode,reachcode,lengthkm,visibilityfilter,wbarea_permanent_identifier,fdate,OBJECTID",120
douglas-co-flowline-pages/request-0092-1.json,2026-10-08T21:49:53.754373+00:00,2026-10-08T21:49:55.832575+00:00,received,SUCCESS,200,,4632ead8a6a2790b225cdf176e145fad51f327891b43626bf63517194d4744e4,True,6,92,1,250,"permanent_identifier,gnis_id,gnis_name,ftype,fcode,reachcode,lengthkm,visibilityfilter,wbarea_permanent_identifier,fdate,OBJECTID",120
douglas-co-flowline-pages/request-0093-1.json,2026-10-08T21:49:57.837685+00:00,2026-10-08T21:49:58.390572+00:00,received,SUCCESS,200,,6fd0180f36fcc419f0d68de971989841f5eb756c2f0f5521c5aa9b0e5db9ff37,True,6,93,1,250,"permanent_identifier,gnis_id,gnis_name,ftype,fcode,reachcode,lengthkm,visibilityfilter,wbarea_permanent_identifier,fdate,OBJECTID",120
douglas-co-flowline-pages/request-0094-1.json,2026-10-08T21:50:00.396526+00:00,2026-10-08T21:50:08.306455+00:00,received,SUCCESS,200,,616acda8427fe99241365d359635f1b0a1b9e909c7c9ad6adb0899dfc4388279,True,6,94,1,250,"permanent_identifier,gnis_id,gnis_name,ftype,fcode,reachcode,lengthkm,visibilityfilter,wbarea_permanent_identifier,fdate,OBJECTID",120
douglas-co-flowline-pages/request-0095-1.json,2026-10-08T21:50:10.314101+00:00,2026-10-08T21:50:10.528447+00:00,received,SUCCESS,200,,ae01e09f700d84679e22cf31e6dd598b9960ffdc46be63daa0cf83c3d2dae124,True,6,95,1,250,"permanent_identifier,gnis_id,gnis_name,ftype,fcode,reachcode,lengthkm,visibilityfilter,wbarea_permanent_identifier,fdate,OBJECTID",120
douglas-co-flowline-pages/request-0096-1.json,2026-10-08T21:50:12.536524+00:00,2026-10-08T21:50:13.022308+00:00,received,SUCCESS,200,,ef1bf7e09f2efeea49523c529a7c25bbb3be948054466218983ebbd600c9d47d,True,6,96,1,250,"permanent_identifier,gnis_id,gnis_name,ftype,fcode,reachcode,lengthkm,visibilityfilter,wbarea_permanent_identifier,fdate,OBJECTID",120
douglas-co-flowline-pages/request-0097-1.json,2026-10-08T21:50:15.030010+00:00,2026-10-08T21:50:15.212143+00:00,received,SUCCESS,200,,10c7d8b456fbad091fb0cdc6678b2480b5cd71642a5cd995b3628114c671231e,True,6,97,1,250,"permanent_identifier,gnis_id,gnis_name,ftype,fcode,reachcode,lengthkm,visibilityfilter,wbarea_permanent_identifier,fdate,OBJECTID",120
douglas-co-flowline-pages/request-0098-1.json,2026-10-08T21:50:17.218801+00:00,2026-10-08T21:50:17.466176+00:00,received,SUCCESS,200,,bc1efb14ed22fc81124943f39c76df8161dc0098c8285dcba8b0672180c33e34,True,6,98,1,250,"permanent_identifier,gnis_id,gnis_name,ftype,fcode,reachcode,lengthkm,visibilityfilter,wbarea_permanent_identifier,fdate,OBJECTID",120
douglas-co-flowline-pages/request-0099-1.json,2026-10-08T21:50:19.473297+00:00,2026-10-08T21:50:21.530367+00:00,received,SUCCESS,200,,50fecb6024d1a30dca6ca023c8077ecdbafb61bc90105be62fed9b8102900b6f,True,6,99,1,250,"permanent_identifier,gnis_id,gnis_name,ftype,fcode,reachcode,lengthkm,visibilityfilter,wbarea_permanent_identifier,fdate,OBJECTID",120
douglas-co-flowline-pages/request-0100-1.json,2026-10-08T21:50:23.538818+00:00,2026-10-08T21:50:23.789726+00:00,received,SUCCESS,200,,612f4a58ddb0346aaf73f75abac47040e77c5bb2dd4ba024f0390c2d912a373a,True,6,100,1,250,"permanent_identifier,gnis_id,gnis_name,ftype,fcode,reachcode,lengthkm,visibilityfilter,wbarea_permanent_identifier,fdate,OBJECTID",120
douglas-co-flowline-pages/request-0101-1.json,2026-10-08T21:50:25.795181+00:00,2026-10-08T21:50:26.049426+00:00,received,SUCCESS,200,,e682e2d569e0d63cde01d3bc03a3f63bdd6a322ca7edbd2ff178cbfdc5dbd7a3,True,6,101,1,250,"permanent_identifier,gnis_id,gnis_name,ftype,fcode,reachcode,lengthkm,visibilityfilter,wbarea_permanent_identifier,fdate,OBJECTID",120
douglas-co-flowline-pages/request-0102-1.json,2026-10-08T21:50:28.060663+00:00,2026-10-08T21:50:28.402139+00:00,received,SUCCESS,200,,98d723bc102ae5a9dfe3a03fffb947f568bba528516ad68d06b4af575fc8306a,True,6,102,1,250,"permanent_identifier,gnis_id,gnis_name,ftype,fcode,reachcode,lengthkm,visibilityfilter,wbarea_permanent_identifier,fdate,OBJECTID",120
douglas-co-flowline-pages/request-0103-1.json,2026-10-08T21:50:30.412741+00:00,2026-10-08T21:50:30.654042+00:00,received,SUCCESS,200,,11fa99ecba5d8382056ca5b84a5b7d3a8cbaf7f6a826673f4f7cc9cb407e2871,True,6,103,1,250,"permanent_identifier,gnis_id,gnis_name,ftype,fcode,reachcode,lengthkm,visibilityfilter,wbarea_permanent_identifier,fdate,OBJECTID",120
douglas-co-flowline-pages/request-0104-1.json,2026-10-08T21:50:32.665481+00:00,2026-10-08T21:50:32.946176+00:00,received,SUCCESS,200,,90aa8fd18b0a265cc287984ea57d671511f4e0db5b4254cf167160e87de11bee,True,6,104,1,250,"permanent_identifier,gnis_id,gnis_name,ftype,fcode,reachcode,lengthkm,visibilityfilter,wbarea_permanent_identifier,fdate,OBJECTID",120
douglas-co-flowline-pages/request-0105-1.json,2026-10-08T21:50:34.959187+00:00,2026-10-08T21:50:35.204911+00:00,received,SUCCESS,200,,c780dd01eace3b83fcb7348d720cf115b238aacfe877a398e42efc4bf12b0646,True,6,105,1,250,"permanent_identifier,gnis_id,gnis_name,ftype,fcode,reachcode,lengthkm,visibilityfilter,wbarea_permanent_identifier,fdate,OBJECTID",120
douglas-co-flowline-pages/request-0106-1.json,2026-10-08T21:50:37.215594+00:00,2026-10-08T21:50:37.425503+00:00,received,SUCCESS,200,,4fa04acb0390eb05d0d02ec4a69230546e11b834cb0e03a05aab901ac561e81a,True,6,106,1,250,"permanent_identifier,gnis_id,gnis_name,ftype,fcode,reachcode,lengthkm,visibilityfilter,wbarea_permanent_identifier,fdate,OBJECTID",120
douglas-co-flowline-pages/request-0107-1.json,2026-10-08T21:50:39.435487+00:00,2026-10-08T21:50:39.641763+00:00,received,SUCCESS,200,,1dd0adc14380f23c289071e1d9b3c91e103610b2d667b8af9eb1f282f6dfabef,True,6,107,1,250,"permanent_identifier,gnis_id,gnis_name,ftype,fcode,reachcode,lengthkm,visibilityfilter,wbarea_permanent_identifier,fdate,OBJECTID",120
douglas-co-flowline-pages/request-0108-1.json,2026-10-08T21:50:41.654739+00:00,2026-10-08T21:50:43.339583+00:00,received,SUCCESS,200,,1a773277e80fa8c288823bcebfe0206ab6f3f3820ba9e29fcccfc182dacd2548,True,6,108,1,250,"permanent_identifier,gnis_id,gnis_name,ftype,fcode,reachcode,lengthkm,visibilityfilter,wbarea_permanent_identifier,fdate,OBJECTID",120
douglas-co-flowline-pages/request-0109-1.json,2026-10-08T21:50:45.352371+00:00,2026-10-08T21:50:45.578845+00:00,received,SUCCESS,200,,333b85678a3818727ddbdaeb527fc81b981750f6233b285e5186385562a114c6,True,6,109,1,250,"permanent_identifier,gnis_id,gnis_name,ftype,fcode,reachcode,lengthkm,visibilityfilter,wbarea_permanent_identifier,fdate,OBJECTID",120
douglas-co-flowline-pages/request-0110-1.json,2026-10-08T21:50:47.587790+00:00,2026-10-08T21:50:47.894372+00:00,received,SUCCESS,200,,4d0e2fb2d430d560bf0fc16aaf6d9203d18fd43babf58957be271fb6f8b61e19,True,6,110,1,250,"permanent_identifier,gnis_id,gnis_name,ftype,fcode,reachcode,lengthkm,visibilityfilter,wbarea_permanent_identifier,fdate,OBJECTID",120
douglas-co-flowline-pages/request-0111-1.json,2026-10-08T21:50:49.907142+00:00,2026-10-08T21:50:50.154618+00:00,received,SUCCESS,200,,12ab54ad40e6889c9749f0340466fa98a617fab9f88585bd0ce39b5b1e8d02bb,True,6,111,1,250,"permanent_identifier,gnis_id,gnis_name,ftype,fcode,reachcode,lengthkm,visibilityfilter,wbarea_permanent_identifier,fdate,OBJECTID",120
douglas-co-flowline-pages/request-0112-1.json,2026-10-08T21:50:52.164525+00:00,2026-10-08T21:50:52.825242+00:00,received,SUCCESS,200,,a76781991eab984073a81572b07dd9fdf396b5506c41e9ae58b321e077fa197f,True,6,112,1,250,"permanent_identifier,gnis_id,gnis_name,ftype,fcode,reachcode,lengthkm,visibilityfilter,wbarea_permanent_identifier,fdate,OBJECTID",120
douglas-co-flowline-pages/request-0113-1.json,2026-10-08T21:50:54.837457+00:00,2026-10-08T21:50:55.053717+00:00,received,SUCCESS,200,,bf3d4785ea7075e35ffea6e531a73072abcd42e1a93f57e0204805b47cb02f36,True,6,113,1,250,"permanent_identifier,gnis_id,gnis_name,ftype,fcode,reachcode,lengthkm,visibilityfilter,wbarea_permanent_identifier,fdate,OBJECTID",120
douglas-co-flowline-pages/request-0114-1.json,2026-10-08T21:50:57.066317+00:00,2026-10-08T21:50:57.381374+00:00,received,SUCCESS,200,,9a1050644c2261f182502035698acfa5604f7d47ec91fd9de3ee6f19365d2fb9,True,6,114,1,250,"permanent_identifier,gnis_id,gnis_name,ftype,fcode,reachcode,lengthkm,visibilityfilter,wbarea_permanent_identifier,fdate,OBJECTID",120
douglas-co-flowline-pages/request-0115-1.json,2026-10-08T21:50:59.393199+00:00,2026-10-08T21:50:59.787927+00:00,received,SUCCESS,200,,190d3ee60aff721fc8cee44f281bf0b2b764361a2e74eefe78b16d2de8ed1e99,True,6,115,1,250,"permanent_identifier,gnis_id,gnis_name,ftype,fcode,reachcode,lengthkm,visibilityfilter,wbarea_permanent_identifier,fdate,OBJECTID",120
douglas-co-flowline-pages/request-0116-1.json,2026-10-08T21:51:01.801478+00:00,2026-10-08T21:51:02.134622+00:00,received,SUCCESS,200,,f75890706aa325123f8f7c819e2ed0da4aa646922a5be441d4d1b9ddf33800ad,True,6,116,1,250,"permanent_identifier,gnis_id,gnis_name,ftype,fcode,reachcode,lengthkm,visibilityfilter,wbarea_permanent_identifier,fdate,OBJECTID",120
douglas-co-flowline-pages/request-0117-1.json,2026-10-08T21:51:04.145267+00:00,2026-10-08T21:51:05.148862+00:00,received,SUCCESS,200,,abbe6ff2a98417f7c2adb0fce2319d2c3dbbbce5656cdef3bd95d8360a9a3c9e,True,6,117,1,250,"permanent_identifier,gnis_id,gnis_name,ftype,fcode,reachcode,lengthkm,visibilityfilter,wbarea_permanent_identifier,fdate,OBJECTID",120
douglas-co-flowline-pages/request-0118-1.json,2026-10-08T21:51:07.155993+00:00,2026-10-08T21:51:07.377558+00:00,received,SUCCESS,200,,50e88d58249ae1a39773642aa279fadaaa45cf6b5d21775c4877ac44cb8c11f1,True,6,118,1,250,"permanent_identifier,gnis_id,gnis_name,ftype,fcode,reachcode,lengthkm,visibilityfilter,wbarea_permanent_identifier,fdate,OBJECTID",120
douglas-co-flowline-pages/request-0119-1.json,2026-10-08T21:51:09.383655+00:00,2026-10-08T21:51:09.757377+00:00,received,SUCCESS,200,,202c35bf8ffe77102b89f6d3c4c6f060e23a1bed3735c06c6225cf5452de984b,True,6,119,1,250,"permanent_identifier,gnis_id,gnis_name,ftype,fcode,reachcode,lengthkm,visibilityfilter,wbarea_permanent_identifier,fdate,OBJECTID",120
douglas-co-flowline-pages/request-0120-1.json,2026-10-08T21:51:11.763376+00:00,2026-10-08T21:51:12.002724+00:00,received,SUCCESS,200,,5816ab810720b83f3db415286d529d192319fd41827c81cb224b2ec63cd9a4e8,True,6,120,1,250,"permanent_identifier,gnis_id,gnis_name,ftype,fcode,reachcode,lengthkm,visibilityfilter,wbarea_permanent_identifier,fdate,OBJECTID",120
douglas-co-flowline-pages/request-0121-1.json,2026-10-08T21:51:14.010222+00:00,2026-10-08T21:51:14.417185+00:00,received,SUCCESS,200,,ef500ef959ea74b4bee748725184561c8d94e0ee1f02ffe44634a67861151cee,True,6,121,1,250,"permanent_identifier,gnis_id,gnis_name,ftype,fcode,reachcode,lengthkm,visibilityfilter,wbarea_permanent_identifier,fdate,OBJECTID",120
douglas-co-flowline-pages/request-0122-1.json,2026-10-08T21:51:16.424564+00:00,2026-10-08T21:51:16.919149+00:00,received,SUCCESS,200,,77ad76d5d451c536f24016af41a8396036126b7f32235af99a67f2ac0f43aaba,True,6,122,1,250,"permanent_identifier,gnis_id,gnis_name,ftype,fcode,reachcode,lengthkm,visibilityfilter,wbarea_permanent_identifier,fdate,OBJECTID",120
douglas-co-flowline-pages/request-0123-1.json,2026-10-08T21:51:18.925908+00:00,2026-10-08T21:51:19.320231+00:00,received,SUCCESS,200,,48ab8bf5f478f1f52109609ac02bfbf35d65db1b8d1b71f4a92763bcdc7abf41,True,6,123,1,250,"permanent_identifier,gnis_id,gnis_name,ftype,fcode,reachcode,lengthkm,visibilityfilter,wbarea_permanent_identifier,fdate,OBJECTID",120
douglas-co-flowline-pages/request-0124-1.json,2026-10-08T21:51:21.328439+00:00,2026-10-08T21:51:21.572620+00:00,received,SUCCESS,200,,6671c8fc7ff1bb158b663b86dcd6bbfd34a9040d8496dace45114a2109ec0b5a,True,6,124,1,250,"permanent_identifier,gnis_id,gnis_name,ftype,fcode,reachcode,lengthkm,visibilityfilter,wbarea_permanent_identifier,fdate,OBJECTID",120
douglas-co-flowline-pages/request-0125-1.json,2026-10-08T21:51:23.579002+00:00,2026-10-08T21:51:23.824096+00:00,received,SUCCESS,200,,d91cf391d9ecd2918d98a28211114036c5bce6992c8b25340a8d63f528ff1f13,True,6,125,1,250,"permanent_identifier,gnis_id,gnis_name,ftype,fcode,reachcode,lengthkm,visibilityfilter,wbarea_permanent_identifier,fdate,OBJECTID",120
douglas-co-flowline-pages/request-0126-1.json,2026-10-08T21:51:25.830743+00:00,2026-10-08T21:51:26.064415+00:00,received,SUCCESS,200,,8596544e1394a8774f66e52719790cd5c3a38447b82a1c274c83609277fb9bd7,True,6,126,1,250,"permanent_identifier,gnis_id,gnis_name,ftype,fcode,reachcode,lengthkm,visibilityfilter,wbarea_permanent_identifier,fdate,OBJECTID",120
douglas-co-flowline-pages/request-0127-1.json,2026-10-08T21:51:28.072300+00:00,2026-10-08T21:51:28.289864+00:00,received,SUCCESS,200,,7a207c8b43390c29d8bd62c768f3c1ce803d0579b92977c66af51b42151ca0f2,True,6,127,1,250,"permanent_identifier,gnis_id,gnis_name,ftype,fcode,reachcode,lengthkm,visibilityfilter,wbarea_permanent_identifier,fdate,OBJECTID",120
douglas-co-flowline-pages/request-0128-1.json,2026-10-08T21:51:30.296488+00:00,2026-10-08T21:51:30.598017+00:00,received,SUCCESS,200,,3648ff985d3c9c7ae726fe9edc082d1db64c0e61a9b6390846403013bbcdf54e,True,6,128,1,250,"permanent_identifier,gnis_id,gnis_name,ftype,fcode,reachcode,lengthkm,visibilityfilter,wbarea_permanent_identifier,fdate,OBJECTID",120
douglas-co-flowline-pages/request-0129-1.json,2026-10-08T21:51:32.606463+00:00,2026-10-08T21:51:32.890312+00:00,received,SUCCESS,200,,6fd10c3783552f256d776c3cfbf06616defae9e34d39bbdc376d52420db12b00,True,6,129,1,250,"permanent_identifier,gnis_id,gnis_name,ftype,fcode,reachcode,lengthkm,visibilityfilter,wbarea_permanent_identifier,fdate,OBJECTID",120
douglas-co-flowline-pages/request-0130-1.json,2026-10-08T21:51:34.897354+00:00,2026-10-08T21:51:35.237905+00:00,received,SUCCESS,200,,b5e59b15eefcc327def6128bc0484da8c9cbd9afe93e5e2d444e635ecb5e0fa5,True,6,130,1,250,"permanent_identifier,gnis_id,gnis_name,ftype,fcode,reachcode,lengthkm,visibilityfilter,wbarea_permanent_identifier,fdate,OBJECTID",120
douglas-co-flowline-pages/request-0131-1.json,2026-10-08T21:51:37.246114+00:00,2026-10-08T21:51:37.542624+00:00,received,SUCCESS,200,,bd73527b425b85bc46aa7fa1b6447bd51cbd307359c99a5fb13f581dbbaf819e,True,6,131,1,250,"permanent_identifier,gnis_id,gnis_name,ftype,fcode,reachcode,lengthkm,visibilityfilter,wbarea_permanent_identifier,fdate,OBJECTID",120
douglas-co-flowline-pages/request-0132-1.json,2026-10-08T21:51:39.548225+00:00,2026-10-08T21:51:39.708279+00:00,received,SUCCESS,200,,b31e66e8a111940c9e10114179a5a747878c3f69e616c9f3738f6f3e92fe6e4e,True,6,132,1,250,"permanent_identifier,gnis_id,gnis_name,ftype,fcode,reachcode,lengthkm,visibilityfilter,wbarea_permanent_identifier,fdate,OBJECTID",120
douglas-co-flowline-pages/request-0133-1.json,2026-10-08T21:51:41.713955+00:00,2026-10-08T21:51:41.863769+00:00,received,SUCCESS,200,,9a6e52b1eda77c2a1e2c8629192dc927cd274488d326ed508f24878a5f04295b,True,6,133,1,250,"permanent_identifier,gnis_id,gnis_name,ftype,fcode,reachcode,lengthkm,visibilityfilter,wbarea_permanent_identifier,fdate,OBJECTID",120
douglas-co-flowline-pages/request-0134-1.json,2026-10-08T21:51:43.870834+00:00,2026-10-08T21:51:44.157857+00:00,received,SUCCESS,200,,6bcec18ba7de21c7a5d543ad6c38d75fdf7d538edd4c2ffa6b63efa2a888e343,True,6,134,1,250,"permanent_identifier,gnis_id,gnis_name,ftype,fcode,reachcode,lengthkm,visibilityfilter,wbarea_permanent_identifier,fdate,OBJECTID",120
douglas-co-flowline-pages/request-0135-1.json,2026-10-08T21:51:46.162724+00:00,2026-10-08T21:51:50.923665+00:00,received,SUCCESS,200,,b1e0bd3c8b8deb54be5efc65b0b86375d5de82be31ae639053353d19f09279c5,True,6,135,1,250,"permanent_identifier,gnis_id,gnis_name,ftype,fcode,reachcode,lengthkm,visibilityfilter,wbarea_permanent_identifier,fdate,OBJECTID",120
douglas-co-flowline-pages/request-0136-1.json,2026-10-08T21:51:52.931653+00:00,2026-10-08T21:51:56.590937+00:00,received,SUCCESS,200,,e4fbecaefc9d0339d11a2a4eff29b4a0622ece624892afb8f88c33cf95628eca,True,6,136,1,250,"permanent_identifier,gnis_id,gnis_name,ftype,fcode,reachcode,lengthkm,visibilityfilter,wbarea_permanent_identifier,fdate,OBJECTID",120
douglas-co-flowline-pages/request-0137-1.json,2026-10-08T21:51:58.598357+00:00,2026-10-08T21:51:58.920132+00:00,received,SUCCESS,200,,e71f93261552c2493a73cb5b27623e827cecdbe507f0dec599e068907545b466,True,6,137,1,250,"permanent_identifier,gnis_id,gnis_name,ftype,fcode,reachcode,lengthkm,visibilityfilter,wbarea_permanent_identifier,fdate,OBJECTID",120
douglas-co-flowline-pages/request-0138-1.json,2026-10-08T21:52:00.926924+00:00,2026-10-08T21:52:03.597756+00:00,received,SUCCESS,200,,7a89593c82efa0986bedcf63a91839f12add699ee64a3de2e6485c34f9f28504,True,6,138,1,250,"permanent_identifier,gnis_id,gnis_name,ftype,fcode,reachcode,lengthkm,visibilityfilter,wbarea_permanent_identifier,fdate,OBJECTID",120
douglas-co-flowline-pages/request-0139-1.json,2026-10-08T21:52:05.604792+00:00,2026-10-08T21:52:05.838879+00:00,received,SUCCESS,200,,14f91a63a1ce28467b3a61f2f052d138725209ddde45c61783bd168dd133ce96,True,6,139,1,250,"permanent_identifier,gnis_id,gnis_name,ftype,fcode,reachcode,lengthkm,visibilityfilter,wbarea_permanent_identifier,fdate,OBJECTID",120
douglas-co-flowline-pages/request-0140-1.json,2026-10-08T21:52:07.846212+00:00,2026-10-08T21:52:08.137439+00:00,received,SUCCESS,200,,d79dcaf6c90aaf68fec8af8aae00f67588388cf3fe3bfa9d7bdc7587d259334e,True,6,140,1,250,"permanent_identifier,gnis_id,gnis_name,ftype,fcode,reachcode,lengthkm,visibilityfilter,wbarea_permanent_identifier,fdate,OBJECTID",120
douglas-co-flowline-pages/request-0141-1.json,2026-10-08T21:52:10.144584+00:00,2026-10-08T21:52:10.229588+00:00,service_failure,SERVICE_FAILURE,502,HTTP 502,d5daef982f81f3c68ee1a7a86b078ada963c688b0411bf494bc9422d68aee8d2,True,6,141,1,250,"permanent_identifier,gnis_id,gnis_name,ftype,fcode,reachcode,lengthkm,visibilityfilter,wbarea_permanent_identifier,fdate,OBJECTID",120
douglas-co-flowline-pages/request-0142-1.json,2026-10-08T21:52:12.232366+00:00,2026-10-08T21:52:12.626885+00:00,received,SUCCESS,200,,0950a5f8a5d7d5d315c3346792bb47573b8c2b281b3fbaef01c4ad4304eec664,True,6,142,1,250,"permanent_identifier,gnis_id,gnis_name,ftype,fcode,reachcode,lengthkm,visibilityfilter,wbarea_permanent_identifier,fdate,OBJECTID",120
douglas-co-flowline-pages/request-0143-1.json,2026-10-08T21:52:14.632859+00:00,2026-10-08T21:52:14.844124+00:00,received,SUCCESS,200,,877d73284f5acbc56641974179227ee729d38cf8cb6b010e930aab110187da11,True,6,143,1,250,"permanent_identifier,gnis_id,gnis_name,ftype,fcode,reachcode,lengthkm,visibilityfilter,wbarea_permanent_identifier,fdate,OBJECTID",120
douglas-co-flowline-pages/request-0144-1.json,2026-10-08T21:52:16.851561+00:00,2026-10-08T21:52:36.835751+00:00,received,SUCCESS,200,,8d89ee65042588f12e0b498141b93090bc95f2d7dc8669a2ff46b4fc16e788ad,True,6,144,1,250,"permanent_identifier,gnis_id,gnis_name,ftype,fcode,reachcode,lengthkm,visibilityfilter,wbarea_permanent_identifier,fdate,OBJECTID",120
douglas-co-flowline-pages/request-0145-1.json,2026-10-08T21:52:38.841137+00:00,2026-10-08T21:52:50.579967+00:00,received,SUCCESS,200,,00f2256e9a22cc524079a6ba2af6e6f8f7cb1c0621bfcde52916f555e87474e7,True,6,145,1,250,"permanent_identifier,gnis_id,gnis_name,ftype,fcode,reachcode,lengthkm,visibilityfilter,wbarea_permanent_identifier,fdate,OBJECTID",120
douglas-co-flowline-pages/request-0146-1.json,2026-10-08T21:52:52.586994+00:00,2026-10-08T21:52:52.763729+00:00,received,SUCCESS,200,,254ac6580567226b8a6a9ef0dce50d550578dd8ddd5cb1e9cae8bd8c21f658fa,True,6,146,1,250,"permanent_identifier,gnis_id,gnis_name,ftype,fcode,reachcode,lengthkm,visibilityfilter,wbarea_permanent_identifier,fdate,OBJECTID",120
douglas-co-flowline-pages/request-0147-1.json,2026-10-08T21:52:54.771351+00:00,2026-10-08T21:53:06.363452+00:00,received,SUCCESS,200,,6340119d0e85c53d6b86033f3552540a6e97793f8fc659c1de547bd8a1679be1,True,6,147,1,250,"permanent_identifier,gnis_id,gnis_name,ftype,fcode,reachcode,lengthkm,visibilityfilter,wbarea_permanent_identifier,fdate,OBJECTID",120
douglas-co-flowline-pages/request-0148-1.json,2026-10-08T21:53:08.367953+00:00,2026-10-08T21:53:13.281529+00:00,received,SUCCESS,200,,45787fdf19d99d7d8f61c9d36e874cc5eb1c8fa252b95c5dcf7d479b57121bbd,True,6,148,1,250,"permanent_identifier,gnis_id,gnis_name,ftype,fcode,reachcode,lengthkm,visibilityfilter,wbarea_permanent_identifier,fdate,OBJECTID",120
douglas-co-flowline-pages/request-0149-1.json,2026-10-08T21:53:15.290092+00:00,2026-10-08T21:53:15.515247+00:00,received,SUCCESS,200,,ed5fdfcd6e4da71836915cc2b7c3cba32869d8faa11e2065367d904967e272b5,True,6,149,1,250,"permanent_identifier,gnis_id,gnis_name,ftype,fcode,reachcode,lengthkm,visibilityfilter,wbarea_permanent_identifier,fdate,OBJECTID",120
douglas-co-flowline-pages/request-0150-1.json,2026-10-08T21:53:17.521597+00:00,2026-10-08T21:53:17.754044+00:00,received,SUCCESS,200,,bf7b0280040049222803060da7e680fac57a0badb37d7b3d7a09021716de942d,True,6,150,1,250,"permanent_identifier,gnis_id,gnis_name,ftype,fcode,reachcode,lengthkm,visibilityfilter,wbarea_permanent_identifier,fdate,OBJECTID",120
douglas-co-flowline-pages/request-0151-1.json,2026-10-08T21:53:19.763691+00:00,2026-10-08T21:53:25.335857+00:00,received,SUCCESS,200,,705dbf731d7d29a253222ff8ea4dd903a80ba2251097e6ce112ad88d3fa2c99d,True,6,151,1,180,"permanent_identifier,gnis_id,gnis_name,ftype,fcode,reachcode,lengthkm,visibilityfilter,wbarea_permanent_identifier,fdate,OBJECTID",120
douglas-co-flowline-pages/request-0056-4.json,2026-10-08T21:53:27.341037+00:00,2026-10-08T21:53:27.533399+00:00,received,SUCCESS,200,,8da88546d252ffc5f6bee8adf973a0f51a688f33de1e9633f3dc870dac42e0ba,True,6,56,4,250,"permanent_identifier,gnis_id,gnis_name,ftype,fcode,reachcode,lengthkm,visibilityfilter,wbarea_permanent_identifier,fdate,OBJECTID",120
douglas-co-flowline-pages/request-0062-2.json,2026-10-08T21:54:15.985764+00:00,2026-10-08T21:54:16.195915+00:00,received,SUCCESS,200,,ca1dfd7a87db222371edc2bc4f0cdf43bc03ce97b4f2ff9c0129362ab22cb41f,True,6,62,2,250,"permanent_identifier,gnis_id,gnis_name,ftype,fcode,reachcode,lengthkm,visibilityfilter,wbarea_permanent_identifier,fdate,OBJECTID",120
douglas-co-flowline-pages/request-0065-2.json,2026-10-08T21:58:06.522980+00:00,2026-10-08T21:59:58.812960+00:00,received,SUCCESS,200,,5b53f90be9aac3b83090151c0c0c9c946b70fce03017a618ed5678df3d24f482,True,6,65,2,250,"permanent_identifier,gnis_id,gnis_name,ftype,fcode,reachcode,lengthkm,visibilityfilter,wbarea_permanent_identifier,fdate,OBJECTID",120
douglas-co-flowline-pages/request-0141-2.json,2026-10-08T22:07:10.240975+00:00,2026-10-08T22:07:10.814332+00:00,received,SUCCESS,200,,ac2e4c46d9eb819d543f40d6dc04dd492e53e808a81849d31fe73838c99f3fe9,True,6,141,2,250,"permanent_identifier,gnis_id,gnis_name,ftype,fcode,reachcode,lengthkm,visibilityfilter,wbarea_permanent_identifier,fdate,OBJECTID",120
douglas-co-waterbody-pages/request-0001-1.json,2026-10-08T22:08:26.551534+00:00,2026-10-08T22:08:26.767389+00:00,received,SUCCESS,200,,a052841e0795190d829fa0bc275d5c7eb764c5716070405d0459fdf9e98ab660,True,12,1,1,250,"PERMANENT_IDENTIFIER,GNIS_ID,GNIS_NAME,FTYPE,FCODE,AREASQKM,ELEVATION,REACHCODE,VISIBILITYFILTER,FDATE,OBJECTID",120
douglas-co-waterbody-pages/request-0002-1.json,2026-10-08T22:08:28.773841+00:00,2026-10-08T22:08:28.961823+00:00,received,SUCCESS,200,,2bbf717d6f72c016a999ca2785e298a42187400d38f1626ecaa6e67bf4ce0082,True,12,2,1,250,"PERMANENT_IDENTIFIER,GNIS_ID,GNIS_NAME,FTYPE,FCODE,AREASQKM,ELEVATION,REACHCODE,VISIBILITYFILTER,FDATE,OBJECTID",120
douglas-co-waterbody-pages/request-0003-1.json,2026-10-08T22:08:30.968283+00:00,2026-10-08T22:08:31.183321+00:00,received,SUCCESS,200,,0759dfd3866af6dc5ecba1b468eea52eba2fc1ccd36b9aa9671743382dc51147,True,12,3,1,250,"PERMANENT_IDENTIFIER,GNIS_ID,GNIS_NAME,FTYPE,FCODE,AREASQKM,ELEVATION,REACHCODE,VISIBILITYFILTER,FDATE,OBJECTID",120
douglas-co-waterbody-pages/request-0004-1.json,2026-10-08T22:08:33.188681+00:00,2026-10-08T22:08:33.356384+00:00,received,SUCCESS,200,,950a090c7989590e51b27618802e6e094973d651bd48469cb37bd36439fc3245,True,12,4,1,250,"PERMANENT_IDENTIFIER,GNIS_ID,GNIS_NAME,FTYPE,FCODE,AREASQKM,ELEVATION,REACHCODE,VISIBILITYFILTER,FDATE,OBJECTID",120
douglas-co-waterbody-pages/request-0005-1.json,2026-10-08T22:08:35.364622+00:00,2026-10-08T22:08:35.585157+00:00,received,SUCCESS,200,,4db5f8958252cae54564f134b51c1945aec3cb32e5b121b2fe75404a30ca7542,True,12,5,1,250,"PERMANENT_IDENTIFIER,GNIS_ID,GNIS_NAME,FTYPE,FCODE,AREASQKM,ELEVATION,REACHCODE,VISIBILITYFILTER,FDATE,OBJECTID",120
douglas-co-waterbody-pages/request-0006-1.json,2026-10-08T22:08:37.594200+00:00,2026-10-08T22:08:37.999186+00:00,received,SUCCESS,200,,0d38500476e54468aef97c644f54ffd4ac7db0ffa885d6ee030859b6a6936736,True,12,6,1,250,"PERMANENT_IDENTIFIER,GNIS_ID,GNIS_NAME,FTYPE,FCODE,AREASQKM,ELEVATION,REACHCODE,VISIBILITYFILTER,FDATE,OBJECTID",120
douglas-co-waterbody-pages/request-0007-1.json,2026-10-08T22:08:40.003738+00:00,2026-10-08T22:08:40.244289+00:00,received,SUCCESS,200,,4d482291fa4a4a7a14ca5825606ad4b76ea2fa4073ca8b25179a42a1fa52074e,True,12,7,1,250,"PERMANENT_IDENTIFIER,GNIS_ID,GNIS_NAME,FTYPE,FCODE,AREASQKM,ELEVATION,REACHCODE,VISIBILITYFILTER,FDATE,OBJECTID",120
douglas-co-waterbody-pages/request-0008-1.json,2026-10-08T22:08:42.251231+00:00,2026-10-08T22:08:42.430259+00:00,received,SUCCESS,200,,806c18b0be60e1d2b9dafb9d57a272641b38716e95a2049d94740b785394dc21,True,12,8,1,250,"PERMANENT_IDENTIFIER,GNIS_ID,GNIS_NAME,FTYPE,FCODE,AREASQKM,ELEVATION,REACHCODE,VISIBILITYFILTER,FDATE,OBJECTID",120
douglas-co-waterbody-pages/request-0009-1.json,2026-10-08T22:08:44.434864+00:00,2026-10-08T22:08:44.591732+00:00,received,SUCCESS,200,,cd29969a128f689bbda6c7d62b3720f83dd4f603df35bddb5ceec07d88edd724,True,12,9,1,250,"PERMANENT_IDENTIFIER,GNIS_ID,GNIS_NAME,FTYPE,FCODE,AREASQKM,ELEVATION,REACHCODE,VISIBILITYFILTER,FDATE,OBJECTID",120
douglas-co-waterbody-pages/request-0010-1.json,2026-10-08T22:08:46.596324+00:00,2026-10-08T22:08:46.756064+00:00,received,SUCCESS,200,,056b9d2beacfb99ae877d21755d668a2298ad75e877c22219bee681a20a78314,True,12,10,1,112,"PERMANENT_IDENTIFIER,GNIS_ID,GNIS_NAME,FTYPE,FCODE,AREASQKM,ELEVATION,REACHCODE,VISIBILITYFILTER,FDATE,OBJECTID",120
