file,url,params,timestamp_utc,outcome,finished_utc,status_code,error
layer-12-metadata-response.json,https://hydro.nationalmap.gov/arcgis/rest/services/nhd/MapServer/12,"{""f"":""json""}",2026-10-08T22:08:06.440736+00:00,received,2026-10-08T22:08:06.565752+00:00,200,
layer-12-tiles/0/resume-1-attempt-1-count.json,https://hydro.nationalmap.gov/arcgis/rest/services/nhd/MapServer/12/query,"{""f"":""json"",""geometry"":""-105.33444166966446,39.1244790184437,-104.99501287213658,39.34783585303245"",""geometryType"":""esriGeometryEnvelope"",""inSR"":4326,""returnCountOnly"":""true"",""spatialRel"":""esriSpatialRelIntersects"",""where"":""1=1""}",2026-10-08T22:08:08.572488+00:00,received,2026-10-08T22:08:08.813058+00:00,200,
layer-12-tiles/0/resume-1-attempt-1-ids.json,https://hydro.nationalmap.gov/arcgis/rest/services/nhd/MapServer/12/query,"{""f"":""json"",""geometry"":""-105.33444166966446,39.1244790184437,-104.99501287213658,39.34783585303245"",""geometryType"":""esriGeometryEnvelope"",""inSR"":4326,""returnIdsOnly"":""true"",""spatialRel"":""esriSpatialRelIntersects"",""where"":""1=1""}",2026-10-08T22:08:10.817130+00:00,received,2026-10-08T22:08:11.027146+00:00,200,
layer-12-tiles/0/resume-1-verify.json,https://hydro.nationalmap.gov/arcgis/rest/services/nhd/MapServer/12/query,"{""f"":""json"",""geometry"":""-105.33444166966446,39.1244790184437,-104.99501287213658,39.34783585303245"",""geometryType"":""esriGeometryEnvelope"",""inSR"":4326,""returnIdsOnly"":""true"",""spatialRel"":""esriSpatialRelIntersects"",""where"":""1=1""}",2026-10-08T22:08:48.764939+00:00,received,2026-10-08T22:08:49.615805+00:00,200,
layer-12-tiles/1/resume-1-attempt-1-count.json,https://hydro.nationalmap.gov/arcgis/rest/services/nhd/MapServer/12/query,"{""f"":""json"",""geometry"":""-104.99501287213658,39.1244790184437,-104.65558407460871,39.34783585303245"",""geometryType"":""esriGeometryEnvelope"",""inSR"":4326,""returnCountOnly"":""true"",""spatialRel"":""esriSpatialRelIntersects"",""where"":""1=1""}",2026-10-08T22:08:13.032597+00:00,received,2026-10-08T22:08:13.512246+00:00,200,
layer-12-tiles/1/resume-1-attempt-1-ids.json,https://hydro.nationalmap.gov/arcgis/rest/services/nhd/MapServer/12/query,"{""f"":""json"",""geometry"":""-104.99501287213658,39.1244790184437,-104.65558407460871,39.34783585303245"",""geometryType"":""esriGeometryEnvelope"",""inSR"":4326,""returnIdsOnly"":""true"",""spatialRel"":""esriSpatialRelIntersects"",""where"":""1=1""}",2026-10-08T22:08:15.517739+00:00,received,2026-10-08T22:08:15.716284+00:00,200,
layer-12-tiles/1/resume-1-verify.json,https://hydro.nationalmap.gov/arcgis/rest/services/nhd/MapServer/12/query,"{""f"":""json"",""geometry"":""-104.99501287213658,39.1244790184437,-104.65558407460871,39.34783585303245"",""geometryType"":""esriGeometryEnvelope"",""inSR"":4326,""returnIdsOnly"":""true"",""spatialRel"":""esriSpatialRelIntersects"",""where"":""1=1""}",2026-10-08T22:08:51.621517+00:00,received,2026-10-08T22:08:51.998279+00:00,200,
layer-12-tiles/2/resume-1-attempt-1-count.json,https://hydro.nationalmap.gov/arcgis/rest/services/nhd/MapServer/12/query,"{""f"":""json"",""geometry"":""-105.33444166966446,39.34783585303245,-104.99501287213658,39.57119268762119"",""geometryType"":""esriGeometryEnvelope"",""inSR"":4326,""returnCountOnly"":""true"",""spatialRel"":""esriSpatialRelIntersects"",""where"":""1=1""}",2026-10-08T22:08:17.719139+00:00,received,2026-10-08T22:08:18.132803+00:00,200,
layer-12-tiles/2/resume-1-attempt-1-ids.json,https://hydro.nationalmap.gov/arcgis/rest/services/nhd/MapServer/12/query,"{""f"":""json"",""geometry"":""-105.33444166966446,39.34783585303245,-104.99501287213658,39.57119268762119"",""geometryType"":""esriGeometryEnvelope"",""inSR"":4326,""returnIdsOnly"":""true"",""spatialRel"":""esriSpatialRelIntersects"",""where"":""1=1""}",2026-10-08T22:08:20.137598+00:00,received,2026-10-08T22:08:20.249314+00:00,200,
layer-12-tiles/2/resume-1-verify.json,https://hydro.nationalmap.gov/arcgis/rest/services/nhd/MapServer/12/query,"{""f"":""json"",""geometry"":""-105.33444166966446,39.34783585303245,-104.99501287213658,39.57119268762119"",""geometryType"":""esriGeometryEnvelope"",""inSR"":4326,""returnIdsOnly"":""true"",""spatialRel"":""esriSpatialRelIntersects"",""where"":""1=1""}",2026-10-08T22:08:54.004951+00:00,received,2026-10-08T22:08:54.208294+00:00,200,
layer-12-tiles/3/resume-1-attempt-1-count.json,https://hydro.nationalmap.gov/arcgis/rest/services/nhd/MapServer/12/query,"{""f"":""json"",""geometry"":""-104.99501287213658,39.34783585303245,-104.65558407460871,39.57119268762119"",""geometryType"":""esriGeometryEnvelope"",""inSR"":4326,""returnCountOnly"":""true"",""spatialRel"":""esriSpatialRelIntersects"",""where"":""1=1""}",2026-10-08T22:08:22.253351+00:00,received,2026-10-08T22:08:22.440469+00:00,200,
layer-12-tiles/3/resume-1-attempt-1-ids.json,https://hydro.nationalmap.gov/arcgis/rest/services/nhd/MapServer/12/query,"{""f"":""json"",""geometry"":""-104.99501287213658,39.34783585303245,-104.65558407460871,39.57119268762119"",""geometryType"":""esriGeometryEnvelope"",""inSR"":4326,""returnIdsOnly"":""true"",""spatialRel"":""esriSpatialRelIntersects"",""where"":""1=1""}",2026-10-08T22:08:24.445043+00:00,received,2026-10-08T22:08:24.544804+00:00,200,
layer-12-tiles/3/resume-1-verify.json,https://hydro.nationalmap.gov/arcgis/rest/services/nhd/MapServer/12/query,"{""f"":""json"",""geometry"":""-104.99501287213658,39.34783585303245,-104.65558407460871,39.57119268762119"",""geometryType"":""esriGeometryEnvelope"",""inSR"":4326,""returnIdsOnly"":""true"",""spatialRel"":""esriSpatialRelIntersects"",""where"":""1=1""}",2026-10-08T22:08:56.214608+00:00,received,2026-10-08T22:08:56.369383+00:00,200,
layer-6-metadata-response.json,https://hydro.nationalmap.gov/arcgis/rest/services/nhd/MapServer/6,"{""f"":""json""}",2026-10-08T13:23:14.405548+00:00,received,2026-10-08T13:23:14.681714+00:00,200,
layer-6-tiles/0/attempt-1-count.json,https://hydro.nationalmap.gov/arcgis/rest/services/nhd/MapServer/6/query,"{""f"":""json"",""geometry"":""-105.33444166966446,39.1244790184437,-104.99501287213658,39.34783585303245"",""geometryType"":""esriGeometryEnvelope"",""inSR"":4326,""returnCountOnly"":""true"",""spatialRel"":""esriSpatialRelIntersects"",""where"":""1=1""}",2026-10-08T13:23:16.691580+00:00,service_failure,2026-10-08T13:26:16.698009+00:00,,"HTTPSConnectionPool(host='hydro.nationalmap.gov', port=443): Read timed out. (read timeout=180)"
layer-6-tiles/0/attempt-2-count.json,https://hydro.nationalmap.gov/arcgis/rest/services/nhd/MapServer/6/query,"{""f"":""json"",""geometry"":""-105.33444166966446,39.1244790184437,-104.99501287213658,39.34783585303245"",""geometryType"":""esriGeometryEnvelope"",""inSR"":4326,""returnCountOnly"":""true"",""spatialRel"":""esriSpatialRelIntersects"",""where"":""1=1""}",2026-10-08T13:27:16.712013+00:00,received,2026-10-08T13:27:56.632178+00:00,200,
layer-6-tiles/0/attempt-2-ids.json,https://hydro.nationalmap.gov/arcgis/rest/services/nhd/MapServer/6/query,"{""f"":""json"",""geometry"":""-105.33444166966446,39.1244790184437,-104.99501287213658,39.34783585303245"",""geometryType"":""esriGeometryEnvelope"",""inSR"":4326,""returnIdsOnly"":""true"",""spatialRel"":""esriSpatialRelIntersects"",""where"":""1=1""}",2026-10-08T13:27:58.642350+00:00,received,2026-10-08T13:28:07.279103+00:00,200,
layer-6-tiles/0/resume-1-verify.json,https://hydro.nationalmap.gov/arcgis/rest/services/nhd/MapServer/6/query,"{""f"":""json"",""geometry"":""-105.33444166966446,39.1244790184437,-104.99501287213658,39.34783585303245"",""geometryType"":""esriGeometryEnvelope"",""inSR"":4326,""returnIdsOnly"":""true"",""spatialRel"":""esriSpatialRelIntersects"",""where"":""1=1""}",2026-10-08T22:07:12.821005+00:00,received,2026-10-08T22:07:18.735818+00:00,200,
layer-6-tiles/1/attempt-1-count.json,https://hydro.nationalmap.gov/arcgis/rest/services/nhd/MapServer/6/query,"{""f"":""json"",""geometry"":""-104.99501287213658,39.1244790184437,-104.65558407460871,39.34783585303245"",""geometryType"":""esriGeometryEnvelope"",""inSR"":4326,""returnCountOnly"":""true"",""spatialRel"":""esriSpatialRelIntersects"",""where"":""1=1""}",2026-10-08T13:28:09.290927+00:00,received,2026-10-08T13:28:19.021460+00:00,200,
layer-6-tiles/1/attempt-1-ids.json,https://hydro.nationalmap.gov/arcgis/rest/services/nhd/MapServer/6/query,"{""f"":""json"",""geometry"":""-104.99501287213658,39.1244790184437,-104.65558407460871,39.34783585303245"",""geometryType"":""esriGeometryEnvelope"",""inSR"":4326,""returnIdsOnly"":""true"",""spatialRel"":""esriSpatialRelIntersects"",""where"":""1=1""}",2026-10-08T13:28:21.032232+00:00,received,2026-10-08T13:30:18.019309+00:00,200,
layer-6-tiles/1/resume-1-verify.json,https://hydro.nationalmap.gov/arcgis/rest/services/nhd/MapServer/6/query,"{""f"":""json"",""geometry"":""-104.99501287213658,39.1244790184437,-104.65558407460871,39.34783585303245"",""geometryType"":""esriGeometryEnvelope"",""inSR"":4326,""returnIdsOnly"":""true"",""spatialRel"":""esriSpatialRelIntersects"",""where"":""1=1""}",2026-10-08T22:07:20.742682+00:00,received,2026-10-08T22:07:28.986989+00:00,200,
layer-6-tiles/2/attempt-1-count.json,https://hydro.nationalmap.gov/arcgis/rest/services/nhd/MapServer/6/query,"{""f"":""json"",""geometry"":""-105.33444166966446,39.34783585303245,-104.99501287213658,39.57119268762119"",""geometryType"":""esriGeometryEnvelope"",""inSR"":4326,""returnCountOnly"":""true"",""spatialRel"":""esriSpatialRelIntersects"",""where"":""1=1""}",2026-10-08T13:30:20.030403+00:00,received,2026-10-08T13:31:55.688103+00:00,200,
layer-6-tiles/2/attempt-1-ids.json,https://hydro.nationalmap.gov/arcgis/rest/services/nhd/MapServer/6/query,"{""f"":""json"",""geometry"":""-105.33444166966446,39.34783585303245,-104.99501287213658,39.57119268762119"",""geometryType"":""esriGeometryEnvelope"",""inSR"":4326,""returnIdsOnly"":""true"",""spatialRel"":""esriSpatialRelIntersects"",""where"":""1=1""}",2026-10-08T13:31:57.697962+00:00,received,2026-10-08T13:32:11.129115+00:00,200,
layer-6-tiles/2/resume-1-verify.json,https://hydro.nationalmap.gov/arcgis/rest/services/nhd/MapServer/6/query,"{""f"":""json"",""geometry"":""-105.33444166966446,39.34783585303245,-104.99501287213658,39.57119268762119"",""geometryType"":""esriGeometryEnvelope"",""inSR"":4326,""returnIdsOnly"":""true"",""spatialRel"":""esriSpatialRelIntersects"",""where"":""1=1""}",2026-10-08T22:07:30.994172+00:00,received,2026-10-08T22:07:35.133893+00:00,200,
layer-6-tiles/3/attempt-1-count.json,https://hydro.nationalmap.gov/arcgis/rest/services/nhd/MapServer/6/query,"{""f"":""json"",""geometry"":""-104.99501287213658,39.34783585303245,-104.65558407460871,39.57119268762119"",""geometryType"":""esriGeometryEnvelope"",""inSR"":4326,""returnCountOnly"":""true"",""spatialRel"":""esriSpatialRelIntersects"",""where"":""1=1""}",2026-10-08T13:32:13.138042+00:00,received,2026-10-08T13:34:39.532256+00:00,200,
layer-6-tiles/3/attempt-1-ids.json,https://hydro.nationalmap.gov/arcgis/rest/services/nhd/MapServer/6/query,"{""f"":""json"",""geometry"":""-104.99501287213658,39.34783585303245,-104.65558407460871,39.57119268762119"",""geometryType"":""esriGeometryEnvelope"",""inSR"":4326,""returnIdsOnly"":""true"",""spatialRel"":""esriSpatialRelIntersects"",""where"":""1=1""}",2026-10-08T13:34:41.543584+00:00,service_failure,2026-10-08T13:37:41.550709+00:00,,"HTTPSConnectionPool(host='hydro.nationalmap.gov', port=443): Read timed out. (read timeout=180)"
layer-6-tiles/3/attempt-2-count.json,https://hydro.nationalmap.gov/arcgis/rest/services/nhd/MapServer/6/query,"{""f"":""json"",""geometry"":""-104.99501287213658,39.34783585303245,-104.65558407460871,39.57119268762119"",""geometryType"":""esriGeometryEnvelope"",""inSR"":4326,""returnCountOnly"":""true"",""spatialRel"":""esriSpatialRelIntersects"",""where"":""1=1""}",2026-10-08T13:38:41.567394+00:00,service_failure,2026-10-08T13:41:41.748409+00:00,,"HTTPSConnectionPool(host='hydro.nationalmap.gov', port=443): Read timed out. (read timeout=180)"
layer-6-tiles/3.0/attempt-1-count.json,https://hydro.nationalmap.gov/arcgis/rest/services/nhd/MapServer/6/query,"{""f"":""json"",""geometry"":""-104.99501287213658,39.34783585303245,-104.82529847337264,39.45951427032682"",""geometryType"":""esriGeometryEnvelope"",""inSR"":4326,""returnCountOnly"":""true"",""spatialRel"":""esriSpatialRelIntersects"",""where"":""1=1""}",2026-10-08T13:41:43.760410+00:00,service_failure,2026-10-08T13:44:43.983162+00:00,,"HTTPSConnectionPool(host='hydro.nationalmap.gov', port=443): Read timed out. (read timeout=180)"
layer-6-tiles/3.0/attempt-2-count.json,https://hydro.nationalmap.gov/arcgis/rest/services/nhd/MapServer/6/query,"{""f"":""json"",""geometry"":""-104.99501287213658,39.34783585303245,-104.82529847337264,39.45951427032682"",""geometryType"":""esriGeometryEnvelope"",""inSR"":4326,""returnCountOnly"":""true"",""spatialRel"":""esriSpatialRelIntersects"",""where"":""1=1""}",2026-10-08T13:45:43.998949+00:00,service_failure,2026-10-08T13:48:44.224313+00:00,,"HTTPSConnectionPool(host='hydro.nationalmap.gov', port=443): Read timed out. (read timeout=180)"
layer-6-tiles/3.0.0/attempt-1-count.json,https://hydro.nationalmap.gov/arcgis/rest/services/nhd/MapServer/6/query,"{""f"":""json"",""geometry"":""-104.99501287213658,39.34783585303245,-104.91015567275461,39.403675061679635"",""geometryType"":""esriGeometryEnvelope"",""inSR"":4326,""returnCountOnly"":""true"",""spatialRel"":""esriSpatialRelIntersects"",""where"":""1=1""}",2026-10-08T13:48:46.233406+00:00,received,2026-10-08T13:49:31.685802+00:00,200,
layer-6-tiles/3.0.0/attempt-1-ids.json,https://hydro.nationalmap.gov/arcgis/rest/services/nhd/MapServer/6/query,"{""f"":""json"",""geometry"":""-104.99501287213658,39.34783585303245,-104.91015567275461,39.403675061679635"",""geometryType"":""esriGeometryEnvelope"",""inSR"":4326,""returnIdsOnly"":""true"",""spatialRel"":""esriSpatialRelIntersects"",""where"":""1=1""}",2026-10-08T13:49:33.696658+00:00,received,2026-10-08T13:51:15.370266+00:00,200,
layer-6-tiles/3.0.0/resume-1-verify.json,https://hydro.nationalmap.gov/arcgis/rest/services/nhd/MapServer/6/query,"{""f"":""json"",""geometry"":""-104.99501287213658,39.34783585303245,-104.91015567275461,39.403675061679635"",""geometryType"":""esriGeometryEnvelope"",""inSR"":4326,""returnIdsOnly"":""true"",""spatialRel"":""esriSpatialRelIntersects"",""where"":""1=1""}",2026-10-08T22:07:37.138399+00:00,received,2026-10-08T22:07:37.419028+00:00,200,
layer-6-tiles/3.0.1/attempt-1-count.json,https://hydro.nationalmap.gov/arcgis/rest/services/nhd/MapServer/6/query,"{""f"":""json"",""geometry"":""-104.91015567275461,39.34783585303245,-104.82529847337264,39.403675061679635"",""geometryType"":""esriGeometryEnvelope"",""inSR"":4326,""returnCountOnly"":""true"",""spatialRel"":""esriSpatialRelIntersects"",""where"":""1=1""}",2026-10-08T13:51:17.379646+00:00,received,2026-10-08T13:53:39.291867+00:00,200,
layer-6-tiles/3.0.1/attempt-1-ids.json,https://hydro.nationalmap.gov/arcgis/rest/services/nhd/MapServer/6/query,"{""f"":""json"",""geometry"":""-104.91015567275461,39.34783585303245,-104.82529847337264,39.403675061679635"",""geometryType"":""esriGeometryEnvelope"",""inSR"":4326,""returnIdsOnly"":""true"",""spatialRel"":""esriSpatialRelIntersects"",""where"":""1=1""}",2026-10-08T13:53:41.303269+00:00,received,2026-10-08T13:56:01.384886+00:00,200,
layer-6-tiles/3.0.1/resume-1-verify.json,https://hydro.nationalmap.gov/arcgis/rest/services/nhd/MapServer/6/query,"{""f"":""json"",""geometry"":""-104.91015567275461,39.34783585303245,-104.82529847337264,39.403675061679635"",""geometryType"":""esriGeometryEnvelope"",""inSR"":4326,""returnIdsOnly"":""true"",""spatialRel"":""esriSpatialRelIntersects"",""where"":""1=1""}",2026-10-08T22:07:39.424193+00:00,received,2026-10-08T22:07:39.680111+00:00,200,
layer-6-tiles/3.0.2/attempt-1-count.json,https://hydro.nationalmap.gov/arcgis/rest/services/nhd/MapServer/6/query,"{""f"":""json"",""geometry"":""-104.99501287213658,39.403675061679635,-104.91015567275461,39.45951427032682"",""geometryType"":""esriGeometryEnvelope"",""inSR"":4326,""returnCountOnly"":""true"",""spatialRel"":""esriSpatialRelIntersects"",""where"":""1=1""}",2026-10-08T13:56:03.392023+00:00,received,2026-10-08T13:56:39.101551+00:00,200,
layer-6-tiles/3.0.2/attempt-1-ids.json,https://hydro.nationalmap.gov/arcgis/rest/services/nhd/MapServer/6/query,"{""f"":""json"",""geometry"":""-104.99501287213658,39.403675061679635,-104.91015567275461,39.45951427032682"",""geometryType"":""esriGeometryEnvelope"",""inSR"":4326,""returnIdsOnly"":""true"",""spatialRel"":""esriSpatialRelIntersects"",""where"":""1=1""}",2026-10-08T13:56:41.112689+00:00,received,2026-10-08T13:58:28.570321+00:00,200,
layer-6-tiles/3.0.2/resume-1-verify.json,https://hydro.nationalmap.gov/arcgis/rest/services/nhd/MapServer/6/query,"{""f"":""json"",""geometry"":""-104.99501287213658,39.403675061679635,-104.91015567275461,39.45951427032682"",""geometryType"":""esriGeometryEnvelope"",""inSR"":4326,""returnIdsOnly"":""true"",""spatialRel"":""esriSpatialRelIntersects"",""where"":""1=1""}",2026-10-08T22:07:41.686819+00:00,received,2026-10-08T22:07:43.804025+00:00,200,
layer-6-tiles/3.0.3/attempt-1-count.json,https://hydro.nationalmap.gov/arcgis/rest/services/nhd/MapServer/6/query,"{""f"":""json"",""geometry"":""-104.91015567275461,39.403675061679635,-104.82529847337264,39.45951427032682"",""geometryType"":""esriGeometryEnvelope"",""inSR"":4326,""returnCountOnly"":""true"",""spatialRel"":""esriSpatialRelIntersects"",""where"":""1=1""}",2026-10-08T13:58:30.580078+00:00,service_failure,2026-10-08T14:01:30.586099+00:00,,"HTTPSConnectionPool(host='hydro.nationalmap.gov', port=443): Read timed out. (read timeout=180)"
layer-6-tiles/3.0.3/attempt-2-count.json,https://hydro.nationalmap.gov/arcgis/rest/services/nhd/MapServer/6/query,"{""f"":""json"",""geometry"":""-104.91015567275461,39.403675061679635,-104.82529847337264,39.45951427032682"",""geometryType"":""esriGeometryEnvelope"",""inSR"":4326,""returnCountOnly"":""true"",""spatialRel"":""esriSpatialRelIntersects"",""where"":""1=1""}",2026-10-08T14:02:30.599364+00:00,received,2026-10-08T14:02:50.693589+00:00,200,
layer-6-tiles/3.0.3/attempt-2-ids.json,https://hydro.nationalmap.gov/arcgis/rest/services/nhd/MapServer/6/query,"{""f"":""json"",""geometry"":""-104.91015567275461,39.403675061679635,-104.82529847337264,39.45951427032682"",""geometryType"":""esriGeometryEnvelope"",""inSR"":4326,""returnIdsOnly"":""true"",""spatialRel"":""esriSpatialRelIntersects"",""where"":""1=1""}",2026-10-08T14:02:52.701365+00:00,received,2026-10-08T14:02:52.791962+00:00,200,
layer-6-tiles/3.0.3/resume-1-verify.json,https://hydro.nationalmap.gov/arcgis/rest/services/nhd/MapServer/6/query,"{""f"":""json"",""geometry"":""-104.91015567275461,39.403675061679635,-104.82529847337264,39.45951427032682"",""geometryType"":""esriGeometryEnvelope"",""inSR"":4326,""returnIdsOnly"":""true"",""spatialRel"":""esriSpatialRelIntersects"",""where"":""1=1""}",2026-10-08T22:07:45.808286+00:00,received,2026-10-08T22:07:46.714114+00:00,200,
layer-6-tiles/3.1/attempt-1-count.json,https://hydro.nationalmap.gov/arcgis/rest/services/nhd/MapServer/6/query,"{""f"":""json"",""geometry"":""-104.82529847337264,39.34783585303245,-104.65558407460871,39.45951427032682"",""geometryType"":""esriGeometryEnvelope"",""inSR"":4326,""returnCountOnly"":""true"",""spatialRel"":""esriSpatialRelIntersects"",""where"":""1=1""}",2026-10-08T14:02:54.801450+00:00,service_failure,2026-10-08T14:05:54.809210+00:00,,"HTTPSConnectionPool(host='hydro.nationalmap.gov', port=443): Read timed out. (read timeout=180)"
layer-6-tiles/3.1/attempt-2-count.json,https://hydro.nationalmap.gov/arcgis/rest/services/nhd/MapServer/6/query,"{""f"":""json"",""geometry"":""-104.82529847337264,39.34783585303245,-104.65558407460871,39.45951427032682"",""geometryType"":""esriGeometryEnvelope"",""inSR"":4326,""returnCountOnly"":""true"",""spatialRel"":""esriSpatialRelIntersects"",""where"":""1=1""}",2026-10-08T14:06:54.824965+00:00,received,2026-10-08T14:08:38.851033+00:00,200,
layer-6-tiles/3.1/attempt-2-ids.json,https://hydro.nationalmap.gov/arcgis/rest/services/nhd/MapServer/6/query,"{""f"":""json"",""geometry"":""-104.82529847337264,39.34783585303245,-104.65558407460871,39.45951427032682"",""geometryType"":""esriGeometryEnvelope"",""inSR"":4326,""returnIdsOnly"":""true"",""spatialRel"":""esriSpatialRelIntersects"",""where"":""1=1""}",2026-10-08T14:08:40.860094+00:00,service_failure,2026-10-08T14:11:40.866991+00:00,,"HTTPSConnectionPool(host='hydro.nationalmap.gov', port=443): Read timed out. (read timeout=180)"
layer-6-tiles/3.1.0/attempt-1-count.json,https://hydro.nationalmap.gov/arcgis/rest/services/nhd/MapServer/6/query,"{""f"":""json"",""geometry"":""-104.82529847337264,39.34783585303245,-104.74044127399068,39.403675061679635"",""geometryType"":""esriGeometryEnvelope"",""inSR"":4326,""returnCountOnly"":""true"",""spatialRel"":""esriSpatialRelIntersects"",""where"":""1=1""}",2026-10-08T14:11:42.875929+00:00,received,2026-10-08T14:13:15.649477+00:00,200,
layer-6-tiles/3.1.0/attempt-1-ids.json,https://hydro.nationalmap.gov/arcgis/rest/services/nhd/MapServer/6/query,"{""f"":""json"",""geometry"":""-104.82529847337264,39.34783585303245,-104.74044127399068,39.403675061679635"",""geometryType"":""esriGeometryEnvelope"",""inSR"":4326,""returnIdsOnly"":""true"",""spatialRel"":""esriSpatialRelIntersects"",""where"":""1=1""}",2026-10-08T14:13:17.660798+00:00,service_failure,2026-10-08T14:16:17.666231+00:00,,"HTTPSConnectionPool(host='hydro.nationalmap.gov', port=443): Read timed out. (read timeout=180)"
layer-6-tiles/3.1.0/attempt-2-count.json,https://hydro.nationalmap.gov/arcgis/rest/services/nhd/MapServer/6/query,"{""f"":""json"",""geometry"":""-104.82529847337264,39.34783585303245,-104.74044127399068,39.403675061679635"",""geometryType"":""esriGeometryEnvelope"",""inSR"":4326,""returnCountOnly"":""true"",""spatialRel"":""esriSpatialRelIntersects"",""where"":""1=1""}",2026-10-08T14:17:17.681939+00:00,received,2026-10-08T14:18:12.009512+00:00,200,
layer-6-tiles/3.1.0/attempt-2-ids.json,https://hydro.nationalmap.gov/arcgis/rest/services/nhd/MapServer/6/query,"{""f"":""json"",""geometry"":""-104.82529847337264,39.34783585303245,-104.74044127399068,39.403675061679635"",""geometryType"":""esriGeometryEnvelope"",""inSR"":4326,""returnIdsOnly"":""true"",""spatialRel"":""esriSpatialRelIntersects"",""where"":""1=1""}",2026-10-08T14:18:14.021815+00:00,received,2026-10-08T14:18:28.501642+00:00,200,
layer-6-tiles/3.1.0/resume-1-verify.json,https://hydro.nationalmap.gov/arcgis/rest/services/nhd/MapServer/6/query,"{""f"":""json"",""geometry"":""-104.82529847337264,39.34783585303245,-104.74044127399068,39.403675061679635"",""geometryType"":""esriGeometryEnvelope"",""inSR"":4326,""returnIdsOnly"":""true"",""spatialRel"":""esriSpatialRelIntersects"",""where"":""1=1""}",2026-10-08T22:07:48.720647+00:00,received,2026-10-08T22:07:49.238162+00:00,200,
layer-6-tiles/3.1.1/attempt-1-count.json,https://hydro.nationalmap.gov/arcgis/rest/services/nhd/MapServer/6/query,"{""f"":""json"",""geometry"":""-104.74044127399068,39.34783585303245,-104.65558407460871,39.403675061679635"",""geometryType"":""esriGeometryEnvelope"",""inSR"":4326,""returnCountOnly"":""true"",""spatialRel"":""esriSpatialRelIntersects"",""where"":""1=1""}",2026-10-08T14:18:30.511205+00:00,service_failure,2026-10-08T14:21:30.515589+00:00,,"HTTPSConnectionPool(host='hydro.nationalmap.gov', port=443): Read timed out. (read timeout=180)"
layer-6-tiles/3.1.1/attempt-2-count.json,https://hydro.nationalmap.gov/arcgis/rest/services/nhd/MapServer/6/query,"{""f"":""json"",""geometry"":""-104.74044127399068,39.34783585303245,-104.65558407460871,39.403675061679635"",""geometryType"":""esriGeometryEnvelope"",""inSR"":4326,""returnCountOnly"":""true"",""spatialRel"":""esriSpatialRelIntersects"",""where"":""1=1""}",2026-10-08T14:22:30.531734+00:00,received,2026-10-08T14:22:39.588405+00:00,200,
layer-6-tiles/3.1.1/attempt-2-ids.json,https://hydro.nationalmap.gov/arcgis/rest/services/nhd/MapServer/6/query,"{""f"":""json"",""geometry"":""-104.74044127399068,39.34783585303245,-104.65558407460871,39.403675061679635"",""geometryType"":""esriGeometryEnvelope"",""inSR"":4326,""returnIdsOnly"":""true"",""spatialRel"":""esriSpatialRelIntersects"",""where"":""1=1""}",2026-10-08T14:22:41.599214+00:00,service_failure,2026-10-08T14:25:41.605816+00:00,,"HTTPSConnectionPool(host='hydro.nationalmap.gov', port=443): Read timed out. (read timeout=180)"
layer-6-tiles/3.1.1/resume-1-attempt-1-count.json,https://hydro.nationalmap.gov/arcgis/rest/services/nhd/MapServer/6/query,"{""f"":""json"",""geometry"":""-104.74044127399068,39.34783585303245,-104.65558407460871,39.403675061679635"",""geometryType"":""esriGeometryEnvelope"",""inSR"":4326,""returnCountOnly"":""true"",""spatialRel"":""esriSpatialRelIntersects"",""where"":""1=1""}",2026-10-08T16:16:38.870948+00:00,received,2026-10-08T16:17:23.899837+00:00,200,
layer-6-tiles/3.1.1/resume-1-attempt-1-ids.json,https://hydro.nationalmap.gov/arcgis/rest/services/nhd/MapServer/6/query,"{""f"":""json"",""geometry"":""-104.74044127399068,39.34783585303245,-104.65558407460871,39.403675061679635"",""geometryType"":""esriGeometryEnvelope"",""inSR"":4326,""returnIdsOnly"":""true"",""spatialRel"":""esriSpatialRelIntersects"",""where"":""1=1""}",2026-10-08T16:17:25.904826+00:00,received,2026-10-08T16:17:29.652984+00:00,200,
layer-6-tiles/3.1.1/resume-1-verify.json,https://hydro.nationalmap.gov/arcgis/rest/services/nhd/MapServer/6/query,"{""f"":""json"",""geometry"":""-104.74044127399068,39.34783585303245,-104.65558407460871,39.403675061679635"",""geometryType"":""esriGeometryEnvelope"",""inSR"":4326,""returnIdsOnly"":""true"",""spatialRel"":""esriSpatialRelIntersects"",""where"":""1=1""}",2026-10-08T22:07:51.244216+00:00,received,2026-10-08T22:07:51.725589+00:00,200,
layer-6-tiles/3.1.2/resume-1-attempt-1-count.json,https://hydro.nationalmap.gov/arcgis/rest/services/nhd/MapServer/6/query,"{""f"":""json"",""geometry"":""-104.82529847337264,39.403675061679635,-104.74044127399068,39.45951427032682"",""geometryType"":""esriGeometryEnvelope"",""inSR"":4326,""returnCountOnly"":""true"",""spatialRel"":""esriSpatialRelIntersects"",""where"":""1=1""}",2026-10-08T16:17:31.658779+00:00,received,2026-10-08T16:17:57.149706+00:00,200,
layer-6-tiles/3.1.2/resume-1-attempt-1-ids.json,https://hydro.nationalmap.gov/arcgis/rest/services/nhd/MapServer/6/query,"{""f"":""json"",""geometry"":""-104.82529847337264,39.403675061679635,-104.74044127399068,39.45951427032682"",""geometryType"":""esriGeometryEnvelope"",""inSR"":4326,""returnIdsOnly"":""true"",""spatialRel"":""esriSpatialRelIntersects"",""where"":""1=1""}",2026-10-08T16:17:59.152936+00:00,received,2026-10-08T16:17:59.919906+00:00,200,
layer-6-tiles/3.1.2/resume-1-verify.json,https://hydro.nationalmap.gov/arcgis/rest/services/nhd/MapServer/6/query,"{""f"":""json"",""geometry"":""-104.82529847337264,39.403675061679635,-104.74044127399068,39.45951427032682"",""geometryType"":""esriGeometryEnvelope"",""inSR"":4326,""returnIdsOnly"":""true"",""spatialRel"":""esriSpatialRelIntersects"",""where"":""1=1""}",2026-10-08T22:07:53.731527+00:00,received,2026-10-08T22:07:54.575337+00:00,200,
layer-6-tiles/3.1.3/resume-1-attempt-1-count.json,https://hydro.nationalmap.gov/arcgis/rest/services/nhd/MapServer/6/query,"{""f"":""json"",""geometry"":""-104.74044127399068,39.403675061679635,-104.65558407460871,39.45951427032682"",""geometryType"":""esriGeometryEnvelope"",""inSR"":4326,""returnCountOnly"":""true"",""spatialRel"":""esriSpatialRelIntersects"",""where"":""1=1""}",2026-10-08T16:18:01.926415+00:00,received,2026-10-08T16:18:26.782327+00:00,200,
layer-6-tiles/3.1.3/resume-1-attempt-1-ids.json,https://hydro.nationalmap.gov/arcgis/rest/services/nhd/MapServer/6/query,"{""f"":""json"",""geometry"":""-104.74044127399068,39.403675061679635,-104.65558407460871,39.45951427032682"",""geometryType"":""esriGeometryEnvelope"",""inSR"":4326,""returnIdsOnly"":""true"",""spatialRel"":""esriSpatialRelIntersects"",""where"":""1=1""}",2026-10-08T16:18:28.787236+00:00,received,2026-10-08T16:18:33.948813+00:00,200,
layer-6-tiles/3.1.3/resume-1-verify.json,https://hydro.nationalmap.gov/arcgis/rest/services/nhd/MapServer/6/query,"{""f"":""json"",""geometry"":""-104.74044127399068,39.403675061679635,-104.65558407460871,39.45951427032682"",""geometryType"":""esriGeometryEnvelope"",""inSR"":4326,""returnIdsOnly"":""true"",""spatialRel"":""esriSpatialRelIntersects"",""where"":""1=1""}",2026-10-08T22:07:56.580262+00:00,received,2026-10-08T22:07:57.098061+00:00,200,
layer-6-tiles/3.2/resume-1-attempt-1-count.json,https://hydro.nationalmap.gov/arcgis/rest/services/nhd/MapServer/6/query,"{""f"":""json"",""geometry"":""-104.99501287213658,39.45951427032682,-104.82529847337264,39.57119268762119"",""geometryType"":""esriGeometryEnvelope"",""inSR"":4326,""returnCountOnly"":""true"",""spatialRel"":""esriSpatialRelIntersects"",""where"":""1=1""}",2026-10-08T16:18:35.951684+00:00,received,2026-10-08T16:18:43.373576+00:00,200,
layer-6-tiles/3.2/resume-1-attempt-1-ids.json,https://hydro.nationalmap.gov/arcgis/rest/services/nhd/MapServer/6/query,"{""f"":""json"",""geometry"":""-104.99501287213658,39.45951427032682,-104.82529847337264,39.57119268762119"",""geometryType"":""esriGeometryEnvelope"",""inSR"":4326,""returnIdsOnly"":""true"",""spatialRel"":""esriSpatialRelIntersects"",""where"":""1=1""}",2026-10-08T16:18:45.380455+00:00,received,2026-10-08T16:18:54.451771+00:00,200,
layer-6-tiles/3.2/resume-1-verify.json,https://hydro.nationalmap.gov/arcgis/rest/services/nhd/MapServer/6/query,"{""f"":""json"",""geometry"":""-104.99501287213658,39.45951427032682,-104.82529847337264,39.57119268762119"",""geometryType"":""esriGeometryEnvelope"",""inSR"":4326,""returnIdsOnly"":""true"",""spatialRel"":""esriSpatialRelIntersects"",""where"":""1=1""}",2026-10-08T22:07:59.103786+00:00,received,2026-10-08T22:08:00.422705+00:00,200,
layer-6-tiles/3.3/resume-1-attempt-1-count.json,https://hydro.nationalmap.gov/arcgis/rest/services/nhd/MapServer/6/query,"{""f"":""json"",""geometry"":""-104.82529847337264,39.45951427032682,-104.65558407460871,39.57119268762119"",""geometryType"":""esriGeometryEnvelope"",""inSR"":4326,""returnCountOnly"":""true"",""spatialRel"":""esriSpatialRelIntersects"",""where"":""1=1""}",2026-10-08T16:18:56.456215+00:00,received,2026-10-08T16:19:02.009111+00:00,200,
layer-6-tiles/3.3/resume-1-attempt-1-ids.json,https://hydro.nationalmap.gov/arcgis/rest/services/nhd/MapServer/6/query,"{""f"":""json"",""geometry"":""-104.82529847337264,39.45951427032682,-104.65558407460871,39.57119268762119"",""geometryType"":""esriGeometryEnvelope"",""inSR"":4326,""returnIdsOnly"":""true"",""spatialRel"":""esriSpatialRelIntersects"",""where"":""1=1""}",2026-10-08T16:19:04.016366+00:00,received,2026-10-08T16:19:09.859864+00:00,200,
layer-6-tiles/3.3/resume-1-verify.json,https://hydro.nationalmap.gov/arcgis/rest/services/nhd/MapServer/6/query,"{""f"":""json"",""geometry"":""-104.82529847337264,39.45951427032682,-104.65558407460871,39.57119268762119"",""geometryType"":""esriGeometryEnvelope"",""inSR"":4326,""returnIdsOnly"":""true"",""spatialRel"":""esriSpatialRelIntersects"",""where"":""1=1""}",2026-10-08T22:08:02.428587+00:00,received,2026-10-08T22:08:04.435668+00:00,200,
service-metadata-response.json,https://hydro.nationalmap.gov/arcgis/rest/services/nhd/MapServer,"{""f"":""json""}",2026-10-08T13:23:11.979699+00:00,received,2026-10-08T13:23:12.395189+00:00,200,
