region,feature id,source id,source name,latitude (point inside polygon),longitude (point inside polygon),area (ha),water_class,ftype,fcode,hydrographic category,named/unnamed,elevation_m,source-backed infrastructure indicator,DERIVED distance to nearest trail (m),DERIVED nearest trail name,DERIVED distance to nearest road (m),DERIVED distance to nearest recreation site (m),DERIVED distance to nearest named displayed waterbody (m),DERIVED inside wilderness polygon,DERIVED land manager (property manager),authoritative page exists,group,bucket,bucket triggers (derived),notes
Aspen,nhd-72962706,72962706,,39.1764,-106.8030,1.7,lake_pond,390,39004,perennial,unnamed,,,2568,SMUGGLERS CUTOFF,3167,4743,4249,no,Private,unknown,MID,KEEP AT 2 HA,,"Unnamed, not displayed at 2 ha. Bucket rests on derived distance and land context only; no recreation or access is established. Authoritative page not researched."
Aspen,nhd-72971646,72971646,,39.2647,-106.6535,1.6,lake_pond,390,39004,perennial,unnamed,,,706,SAWYER LAKE,4737,16961,1622,no,outside land layer,unknown,MID,LIKELY CLUTTER,,"Unnamed, not displayed at 2 ha. Bucket rests on derived distance and land context only; no recreation or access is established. Authoritative page not researched."
Aspen,nhd-72971650,72971650,,39.2588,-106.6653,1.6,lake_pond,390,39004,perennial,unnamed,,,1380,SAWYER LAKE,5252,15838,1642,yes,USFS,unknown,MID,POSSIBLE LOSS,wilderness; public land (USFS),"Unnamed, not displayed at 2 ha. Bucket rests on derived distance and land context only; no recreation or access is established. Authoritative page not researched."
Aspen,nhd-65879795,65879795,,39.0122,-106.9499,1.4,lake_pond,390,39009,perennial,unnamed,3692.9568000000004,,646,COPPER CREEK,4833,14040,970,yes,USFS,unknown,MID,POSSIBLE LOSS,wilderness; public land (USFS),"Unnamed, not displayed at 2 ha. Bucket rests on derived distance and land context only; no recreation or access is established. Authoritative page not researched."
Aspen,nhd-72964618,72964618,,39.1467,-107.0548,1.4,lake_pond,390,39004,perennial,unnamed,,,3398,MAROON SNOWMASS,11015,13449,3433,no,outside land layer,unknown,MID,LIKELY CLUTTER,,"Unnamed, not displayed at 2 ha. Bucket rests on derived distance and land context only; no recreation or access is established. Authoritative page not researched."
Aspen,nhd-72974976,72974976,,39.0489,-106.6572,1.3,lake_pond,390,39004,perennial,unnamed,,,680,TABOR CREEK,2222,14199,1386,yes,USFS,unknown,MID,POSSIBLE LOSS,wilderness; public land (USFS),"Unnamed, not displayed at 2 ha. Bucket rests on derived distance and land context only; no recreation or access is established. Authoritative page not researched."
Aspen,nhd-72968818,72968818,,39.2240,-106.9224,1.2,lake_pond,390,39004,perennial,unnamed,,,2290,ANAEROBIC NIGHTMARE,8494,9040,2314,no,Private,unknown,MID,KEEP AT 2 HA,,"Unnamed, not displayed at 2 ha. Bucket rests on derived distance and land context only; no recreation or access is established. Authoritative page not researched."
Aspen,nhd-72968822,72968822,,39.2234,-106.9277,1.1,lake_pond,390,39004,perennial,unnamed,,,2332,ANAEROBIC NIGHTMARE,8894,9118,1954,no,Private,unknown,MID,KEEP AT 2 HA,,"Unnamed, not displayed at 2 ha. Bucket rests on derived distance and land context only; no recreation or access is established. Authoritative page not researched."
Aspen,nhd-72972334,72972334,,39.1511,-106.5831,1.1,lake_pond,390,39004,perennial,unnamed,,,1171,LOST MAN LOOP,4735,16241,1152,yes,USFS,unknown,MID,POSSIBLE LOSS,wilderness; public land (USFS),"Unnamed, not displayed at 2 ha. Bucket rests on derived distance and land context only; no recreation or access is established. Authoritative page not researched."
Aspen,nhd-72981112,72981112,,39.2468,-106.6539,1.1,lake_pond,390,39004,perennial,unnamed,,,490,SAWYER LAKE,4948,15395,314,yes,USFS,unknown,MID,POSSIBLE LOSS,wilderness; public land (USFS),"Unnamed, not displayed at 2 ha. Bucket rests on derived distance and land context only; no recreation or access is established. Authoritative page not researched."
Aspen,nhd-65878197,65878197,,39.0096,-106.7554,0.9,lake_pond,390,39004,perennial,unnamed,,,3038,COOPER BASIN,215,14661,581,no,USFS,unknown,MID,POSSIBLE LOSS,public land (USFS),"Unnamed, not displayed at 2 ha. Bucket rests on derived distance and land context only; no recreation or access is established. Authoritative page not researched."
Aspen,nhd-72962752,72962752,,39.1327,-106.7576,0.9,lake_pond,390,39004,perennial,unnamed,,,699,DIFFICULT CREEK,1442,1518,279,no,Private,unknown,MID,LIKELY CLUTTER,,"Unnamed, not displayed at 2 ha. Bucket rests on derived distance and land context only; no recreation or access is established. Authoritative page not researched."
Aspen,nhd-72964606,72964606,,39.1676,-107.0547,0.9,lake_pond,390,39004,perennial,unnamed,,,2092,WEST SNOWMASS,12273,13897,5536,no,outside land layer,unknown,MID,LIKELY CLUTTER,,"Unnamed, not displayed at 2 ha. Bucket rests on derived distance and land context only; no recreation or access is established. Authoritative page not researched."
Aspen,nhd-72971114,72971114,,39.1109,-106.9689,0.9,lake_pond,390,39004,perennial,unnamed,,,172,WILLOW LAKE,2612,6436,258,yes,USFS,unknown,MID,POSSIBLE LOSS,trail<=200m; wilderness; public land (USFS),"Unnamed, not displayed at 2 ha. Bucket rests on derived distance and land context only; no recreation or access is established. Authoritative page not researched."
Aspen,nhd-72962584,72962584,,39.2484,-106.8549,0.8,lake_pond,390,39004,perennial,unnamed,,,2659,SHADYSIDE,4430,11773,6079,no,Private,unknown,MID,KEEP AT 2 HA,,"Unnamed, not displayed at 2 ha. Bucket rests on derived distance and land context only; no recreation or access is established. Authoritative page not researched."
Aspen,nhd-72968808,72968808,,39.2379,-106.9779,0.8,lake_pond,390,39009,perennial,unnamed,2468.88,,3753,EAST SNOWMASS DITCH,12424,12613,2191,no,Private,unknown,MID,KEEP AT 2 HA,,"Unnamed, not displayed at 2 ha. Bucket rests on derived distance and land context only; no recreation or access is established. Authoritative page not researched."
Aspen,nhd-72968826,72968826,,39.2212,-106.9230,0.8,lake_pond,390,39004,perennial,unnamed,,,1995,ANAEROBIC NIGHTMARE,8438,8763,2418,no,Private,unknown,MID,KEEP AT 2 HA,,"Unnamed, not displayed at 2 ha. Bucket rests on derived distance and land context only; no recreation or access is established. Authoritative page not researched."
Aspen,nhd-72968842,72968842,,39.2064,-106.9821,0.8,lake_pond,390,39004,perennial,unnamed,,,581,EAST SNOWMASS DITCH,10093,10289,3909,no,Private,unknown,MID,LIKELY CLUTTER,,"Unnamed, not displayed at 2 ha. Bucket rests on derived distance and land context only; no recreation or access is established. Authoritative page not researched."
Aspen,nhd-72971110,72971110,,39.1112,-106.9737,0.8,lake_pond,390,39004,perennial,unnamed,,,229,WILLOW LAKE,2996,6808,640,yes,USFS,unknown,MID,POSSIBLE LOSS,wilderness; public land (USFS),"Unnamed, not displayed at 2 ha. Bucket rests on derived distance and land context only; no recreation or access is established. Authoritative page not researched."
Aspen,nhd-72974950,72974950,,39.0540,-106.6475,0.8,lake_pond,390,39004,perennial,unnamed,,,123,TABOR CREEK,3146,14404,951,yes,USFS,unknown,MID,POSSIBLE LOSS,trail<=200m; wilderness; public land (USFS),"Unnamed, not displayed at 2 ha. Bucket rests on derived distance and land context only; no recreation or access is established. Authoritative page not researched."
Aspen,nhd-72962588,72962588,,39.2237,-106.8589,0.7,lake_pond,390,39004,perennial,unnamed,,,1434,SUNNYSIDE,3751,9060,3628,no,Private,unknown,MID,KEEP AT 2 HA,,"Unnamed, not displayed at 2 ha. Bucket rests on derived distance and land context only; no recreation or access is established. Authoritative page not researched."
Aspen,nhd-72962604,72962604,,39.2087,-106.8210,0.7,lake_pond,390,39004,perennial,unnamed,,,1226,SUNNYSIDE,1500,8589,5804,no,Private,unknown,MID,KEEP AT 2 HA,,"Unnamed, not displayed at 2 ha. Bucket rests on derived distance and land context only; no recreation or access is established. Authoritative page not researched."
Aspen,nhd-72962676,72962676,,39.1911,-106.8427,0.7,lake_pond,390,39004,perennial,unnamed,,,3396,SUNNYSIDE,1109,6550,3943,no,Private,unknown,MID,KEEP AT 2 HA,,"Unnamed, not displayed at 2 ha. Bucket rests on derived distance and land context only; no recreation or access is established. Authoritative page not researched."
Aspen,nhd-72968820,72968820,,39.2239,-106.9261,0.7,lake_pond,390,39004,perennial,unnamed,,,2348,ANAEROBIC NIGHTMARE,8789,9130,2036,no,Private,unknown,MID,KEEP AT 2 HA,,"Unnamed, not displayed at 2 ha. Bucket rests on derived distance and land context only; no recreation or access is established. Authoritative page not researched."
Aspen,nhd-72974966,72974966,,39.0515,-106.6856,0.7,lake_pond,390,39004,perennial,unnamed,,,948,NEW YORK CREEK,1986,12389,1725,yes,USFS,unknown,MID,POSSIBLE LOSS,wilderness; public land (USFS),"Unnamed, not displayed at 2 ha. Bucket rests on derived distance and land context only; no recreation or access is established. Authoritative page not researched."
Aspen,nhd-72974992,72974992,,39.0293,-106.6451,0.7,lake_pond,390,39004,perennial,unnamed,,,790,PETROLEUM LAKE,1963,16503,666,no,USFS,unknown,MID,POSSIBLE LOSS,public land (USFS),"Unnamed, not displayed at 2 ha. Bucket rests on derived distance and land context only; no recreation or access is established. Authoritative page not researched."
Aspen,nhd-72978728,72978728,,39.0648,-107.0483,0.7,lake_pond,390,39004,perennial,unnamed,,,1990,NORTH FORK CRYSTAL RIVER,4533,14864,5371,yes,USFS,unknown,MID,POSSIBLE LOSS,wilderness; public land (USFS),"Unnamed, not displayed at 2 ha. Bucket rests on derived distance and land context only; no recreation or access is established. Authoritative page not researched."
Aspen,nhd-65879789,65879789,,39.0272,-106.9659,0.6,lake_pond,390,39004,perennial,unnamed,,,1172,RUSTLER GULCH,4226,13015,3129,yes,USFS,unknown,MID,POSSIBLE LOSS,wilderness; public land (USFS),"Unnamed, not displayed at 2 ha. Bucket rests on derived distance and land context only; no recreation or access is established. Authoritative page not researched."
Aspen,nhd-72962748,72962748,,39.1459,-106.8091,0.6,lake_pond,390,39004,perennial,unnamed,,,3014,DIFFICULT CREEK,2239,3338,4963,no,Private,unknown,MID,KEEP AT 2 HA,,"Unnamed, not displayed at 2 ha. Bucket rests on derived distance and land context only; no recreation or access is established. Authoritative page not researched."
Aspen,nhd-72968374,72968374,,39.0226,-106.8490,0.6,lake_pond,390,39004,perennial,unnamed,,,898,CATHEDRAL LAKE,311,12988,687,yes,USFS,unknown,MID,POSSIBLE LOSS,wilderness; public land (USFS),"Unnamed, not displayed at 2 ha. Bucket rests on derived distance and land context only; no recreation or access is established. Authoritative page not researched."
Aspen,nhd-72968850,72968850,,39.1951,-106.8884,0.6,lake_pond,390,39004,perennial,unnamed,,,1457,SUGARBOWL,4953,5456,390,no,Private,unknown,MID,KEEP AT 2 HA,,"Unnamed, not displayed at 2 ha. Bucket rests on derived distance and land context only; no recreation or access is established. Authoritative page not researched."
Aspen,nhd-72972306,72972306,,39.1851,-106.6049,0.6,lake_pond,390,39004,perennial,unnamed,,,1940,SOUTH FORK PASS,5936,15111,955,yes,USFS,unknown,MID,POSSIBLE LOSS,wilderness; public land (USFS),"Unnamed, not displayed at 2 ha. Bucket rests on derived distance and land context only; no recreation or access is established. Authoritative page not researched."
Aspen,nhd-72974986,72974986,,39.0327,-106.6399,0.6,lake_pond,390,39004,perennial,unnamed,,,624,PETROLEUM LAKE,2436,16520,639,no,USFS,unknown,MID,POSSIBLE LOSS,public land (USFS),"Unnamed, not displayed at 2 ha. Bucket rests on derived distance and land context only; no recreation or access is established. Authoritative page not researched."
Aspen,nhd-72981196,72981196,,39.1463,-106.6647,0.6,lake_pond,390,39004,perennial,unnamed,,,856,MIDWAY,2669,9182,1626,yes,USFS,unknown,MID,POSSIBLE LOSS,wilderness; public land (USFS),"Unnamed, not displayed at 2 ha. Bucket rests on derived distance and land context only; no recreation or access is established. Authoritative page not researched."
Aspen,nhd-72962614,72962614,,39.2074,-106.7782,0.5,lake_pond,390,39004,perennial,unnamed,,,240,UPPER HUNTER VALLEY,1597,7300,4259,no,USFS,unknown,MID,POSSIBLE LOSS,public land (USFS),"Unnamed, not displayed at 2 ha. Bucket rests on derived distance and land context only; no recreation or access is established. Authoritative page not researched."
Aspen,nhd-72962660,72962660,,39.1962,-106.8372,0.5,lake_pond,390,39004,perennial,unnamed,,,2817,SUNNYSIDE,536,7290,4328,no,Private,unknown,MID,KEEP AT 2 HA,,"Unnamed, not displayed at 2 ha. Bucket rests on derived distance and land context only; no recreation or access is established. Authoritative page not researched."
Aspen,nhd-72962690,72962690,,39.1839,-106.8527,0.5,lake_pond,390,39004,perennial,unnamed,,,2430,SUGARBOWL,2259,5386,3420,no,Private,unknown,MID,KEEP AT 2 HA,,"Unnamed, not displayed at 2 ha. Bucket rests on derived distance and land context only; no recreation or access is established. Authoritative page not researched."
Aspen,nhd-72962696,72962696,,39.1829,-106.8077,0.5,lake_pond,390,39004,perennial,unnamed,,,1876,SMUGGLERS CUTOFF,2408,5556,4760,no,Private,unknown,MID,KEEP AT 2 HA,,"Unnamed, not displayed at 2 ha. Bucket rests on derived distance and land context only; no recreation or access is established. Authoritative page not researched."
Aspen,nhd-72969572,72969572,,39.0054,-106.6191,0.5,lake_pond,390,39004,perennial,unnamed,,,1916,ANDERSON LAKE,3268,19968,474,no,USFS,unknown,MID,POSSIBLE LOSS,public land (USFS),"Unnamed, not displayed at 2 ha. Bucket rests on derived distance and land context only; no recreation or access is established. Authoritative page not researched."
Aspen,nhd-72972348,72972348,,39.1256,-106.6020,0.5,lake_pond,390,39004,perennial,unnamed,,,1300,LINKINS LAKE,1897,14687,1105,yes,USFS,unknown,MID,POSSIBLE LOSS,wilderness; public land (USFS),"Unnamed, not displayed at 2 ha. Bucket rests on derived distance and land context only; no recreation or access is established. Authoritative page not researched."
Aspen,nhd-72974956,72974956,,39.0528,-106.6603,0.5,lake_pond,390,39004,perennial,unnamed,,,902,TABOR CREEK,2500,13703,1049,yes,USFS,unknown,MID,POSSIBLE LOSS,wilderness; public land (USFS),"Unnamed, not displayed at 2 ha. Bucket rests on derived distance and land context only; no recreation or access is established. Authoritative page not researched."
Aspen,nhd-72974990,72974990,,39.0296,-106.6310,0.5,lake_pond,390,39004,perennial,unnamed,,,76,PETROLEUM LAKE,3178,17301,398,no,Private,unknown,MID,POSSIBLE LOSS,trail<=200m,"Unnamed, not displayed at 2 ha. Bucket rests on derived distance and land context only; no recreation or access is established. Authoritative page not researched."
Aspen,nhd-72981154,72981154,,39.2031,-106.6677,0.5,lake_pond,390,39004,perennial,unnamed,,,1132,HUNTER CREEK,6312,11200,4464,yes,USFS,unknown,MID,POSSIBLE LOSS,wilderness; public land (USFS),"Unnamed, not displayed at 2 ha. Bucket rests on derived distance and land context only; no recreation or access is established. Authoritative page not researched."
Aspen,nhd-72981162,72981162,,39.1762,-106.6926,0.5,lake_pond,390,39004,perennial,unnamed,,,1760,MIDWAY,5850,7759,2649,yes,USFS,unknown,MID,POSSIBLE LOSS,wilderness; public land (USFS),"Unnamed, not displayed at 2 ha. Bucket rests on derived distance and land context only; no recreation or access is established. Authoritative page not researched."
Aspen,nhd-72962754,72962754,Tagerts Lake,39.1312,-106.7538,1.8,lake_pond,390,39004,perennial,named,,,940,DIFFICULT CREEK,1804,1872,,no,Private,unknown,NAMED_UNAFFECTED,NAMED_UNAFFECTED,,Named: already displayed at any area; the threshold does not affect it. No bucket assigned. A name is not evidence of use or access. Authoritative page not researched.
Aspen,nhd-72968848,72968848,Marolt Reservoir,39.1992,-106.8886,1.8,lake_pond,390,39009,perennial,named,2599.0296000000003,,1883,SUGARBOWL,4983,5912,,no,Private,unknown,NAMED_UNAFFECTED,NAMED_UNAFFECTED,,Named: already displayed at any area; the threshold does not affect it. No bucket assigned. A name is not evidence of use or access. Authoritative page not researched.
Aspen,nhd-72972326,72972326,Scott Lake,39.1573,-106.6178,1.5,lake_pond,390,39004,perennial,named,,,822,LOST MAN LOOP,3917,13330,,yes,USFS,unknown,NAMED_UNAFFECTED,NAMED_UNAFFECTED,,Named: already displayed at any area; the threshold does not affect it. No bucket assigned. A name is not evidence of use or access. Authoritative page not researched.
Aspen,nhd-72968354,72968354,American Lake,39.0564,-106.8298,1.4,lake_pond,390,39004,perennial,named,,,86,AMERICAN LAKE,2242,10424,,yes,USFS,unknown,NAMED_UNAFFECTED,NAMED_UNAFFECTED,,Named: already displayed at any area; the threshold does not affect it. No bucket assigned. A name is not evidence of use or access. Authoritative page not researched.
Aspen,nhd-72969570,72969570,Ruby Lakes,39.0102,-106.6197,1.4,lake_pond,390,39004,perennial,named,,,1417,ANDERSON LAKE,3190,19534,,no,USFS,unknown,NAMED_UNAFFECTED,NAMED_UNAFFECTED,,Named: already displayed at any area; the threshold does not affect it. No bucket assigned. A name is not evidence of use or access. Authoritative page not researched.
Aspen,nhd-72972274,72972274,Granite Lakes,39.2312,-106.5688,1.2,lake_pond,390,39004,perennial,named,,,929,GRANITE LAKE,1962,20054,,no,outside land layer,unknown,NAMED_UNAFFECTED,NAMED_UNAFFECTED,,Named: already displayed at any area; the threshold does not affect it. No bucket assigned. A name is not evidence of use or access. Authoritative page not researched.
Aspen,nhd-72972310,72972310,Sioux Lake,39.1760,-106.6029,1.1,lake_pond,390,39004,perennial,named,,,1190,SOUTH FORK PASS,6221,14990,,yes,USFS,unknown,NAMED_UNAFFECTED,NAMED_UNAFFECTED,,Named: already displayed at any area; the threshold does not affect it. No bucket assigned. A name is not evidence of use or access. Authoritative page not researched.
Aspen,nhd-72978806,72978806,Elko Lake,39.0155,-107.0519,1.1,lake_pond,390,39004,perennial,named,,,417,SCHOFIELD PASS SKI,165,18465,,no,outside land layer,unknown,NAMED_UNAFFECTED,NAMED_UNAFFECTED,,Named: already displayed at any area; the threshold does not affect it. No bucket assigned. A name is not evidence of use or access. Authoritative page not researched.
Aspen,nhd-72974974,72974974,Jack Lake,39.0495,-106.6271,0.9,lake_pond,390,39004,perennial,named,,,1609,TABOR CREEK,3160,16057,,yes,USFS,unknown,NAMED_UNAFFECTED,NAMED_UNAFFECTED,,Named: already displayed at any area; the threshold does not affect it. No bucket assigned. A name is not evidence of use or access. Authoritative page not researched.
Aspen,nhd-72968858,72968858,Whites Lake,39.1859,-106.8948,0.8,lake_pond,390,39009,perennial,named,2827.9344,,319,SUGARBOWL,4309,4434,,no,Private,unknown,NAMED_UNAFFECTED,NAMED_UNAFFECTED,,Named: already displayed at any area; the threshold does not affect it. No bucket assigned. A name is not evidence of use or access. Authoritative page not researched.
Aspen,nhd-72972304,72972304,Deadman Lake,39.1893,-106.5814,0.8,lake_pond,390,39004,perennial,named,,,112,SOUTH FORK PASS,5382,17184,,yes,USFS,unknown,NAMED_UNAFFECTED,NAMED_UNAFFECTED,,Named: already displayed at any area; the threshold does not affect it. No bucket assigned. A name is not evidence of use or access. Authoritative page not researched.
Aspen,nhd-72982256,72982256,Christenson Reservoir,39.2640,-106.9702,0.8,lake_pond,390,39004,perennial,named,,,6653,EAST SNOWMASS DITCH,14126,14725,,no,outside land layer,unknown,NAMED_UNAFFECTED,NAMED_UNAFFECTED,,Named: already displayed at any area; the threshold does not affect it. No bucket assigned. A name is not evidence of use or access. Authoritative page not researched.
Aspen,nhd-133049530,133049530,Henschel Lake,39.0282,-106.5872,0.5,lake_pond,390,39004,perennial,named,,,889,PEEKABOO GULCH,805,20220,,yes,USFS,unknown,NAMED_UNAFFECTED,NAMED_UNAFFECTED,,Named: already displayed at any area; the threshold does not affect it. No bucket assigned. A name is not evidence of use or access. Authoritative page not researched.
Aspen,nhd-72969566,72969566,Ruby Lakes,39.0148,-106.6158,0.5,lake_pond,390,39004,perennial,named,,,1225,ANDERSON LAKE,2815,19392,,no,USFS,unknown,NAMED_UNAFFECTED,NAMED_UNAFFECTED,,Named: already displayed at any area; the threshold does not affect it. No bucket assigned. A name is not evidence of use or access. Authoritative page not researched.
Aspen,nhd-72968834,72968834,,39.2076,-106.9646,4.0,lake_pond,390,39004,perennial,unnamed,,,1026,EAST SNOWMASS DITCH,9096,9290,3192,no,Private,unknown,COMPARISON_GE2HA,COMPARISON_GE2HA,,Unnamed and already displayed at the 2 ha provisional threshold (comparison only). Authoritative page not researched.
Aspen,nhd-72964646,72964646,,39.1336,-107.0125,2.2,lake_pond,390,39004,perennial,unnamed,,,79,MAROON SNOWMASS,7124,9713,2125,yes,USFS,unknown,COMPARISON_GE2HA,COMPARISON_GE2HA,,Unnamed and already displayed at the 2 ha provisional threshold (comparison only). Authoritative page not researched.
Aspen,nhd-72978716,72978716,,39.0781,-107.0023,2.2,lake_pond,390,39004,perennial,unnamed,,,1247,NORTH FORK CRYSTAL RIVER,5696,10719,2836,yes,USFS,unknown,COMPARISON_GE2HA,COMPARISON_GE2HA,,Unnamed and already displayed at the 2 ha provisional threshold (comparison only). Authoritative page not researched.
Douglas,nhd-117821201,117821201,,39.2398,-104.9589,1.8,lake_pond,390,39004,perennial,unnamed,,,8642,WATSON PARK,7800,9170,3021,n/a (layer empty),PVT,unknown,MID,KEEP AT 2 HA,,"Unnamed, not displayed at 2 ha. Bucket rests on derived distance and land context only; no recreation or access is established. Authoritative page not researched."
Douglas,nhd-117822909,117822909,,39.5591,-105.0182,1.7,lake_pond,390,39004,perennial,unnamed,,,14579,COLORADO,20733,20991,876,n/a (layer empty),PVT,unknown,MID,KEEP AT 2 HA,,"Unnamed, not displayed at 2 ha. Bucket rests on derived distance and land context only; no recreation or access is established. Authoritative page not researched."
Douglas,nhd-117819385,117819385,,39.4844,-105.0059,1.6,lake_pond,390,39004,perennial,unnamed,,,8993,INDIAN CREEK,13765,14052,6183,n/a (layer empty),PVT,unknown,MID,KEEP AT 2 HA,,"Unnamed, not displayed at 2 ha. Bucket rests on derived distance and land context only; no recreation or access is established. Authoritative page not researched."
Douglas,nhd-117822715,117822715,,39.5629,-105.0522,1.6,lake_pond,390,39004,perennial,unnamed,,,13265,COLORADO,20383,20555,859,n/a (layer empty),OTHFE,unknown,MID,POSSIBLE LOSS,public land (OTHFE),"Unnamed, not displayed at 2 ha. Bucket rests on derived distance and land context only; no recreation or access is established. Authoritative page not researched."
Douglas,nhd-117819437,117819437,,39.4594,-105.0613,1.5,lake_pond,390,39004,perennial,unnamed,,,3505,INDIAN CREEK,9094,9354,914,n/a (layer empty),PVT,unknown,MID,KEEP AT 2 HA,,"Unnamed, not displayed at 2 ha. Bucket rests on derived distance and land context only; no recreation or access is established. Authoritative page not researched."
Douglas,nhd-117819459,117819459,,39.4528,-105.0791,1.5,lake_pond,390,39004,perennial,unnamed,,,1883,INDIAN CREEK,7982,8220,851,n/a (layer empty),PVT,unknown,MID,KEEP AT 2 HA,,"Unnamed, not displayed at 2 ha. Bucket rests on derived distance and land context only; no recreation or access is established. Authoritative page not researched."
Douglas,nhd-120655816,120655816,,39.3316,-104.7309,1.5,lake_pond,390,39004,perennial,unnamed,,,27035,BERGEN ROCK,26126,26261,4802,n/a (layer empty),PVT,unknown,MID,KEEP AT 2 HA,,"Unnamed, not displayed at 2 ha. Bucket rests on derived distance and land context only; no recreation or access is established. Authoritative page not researched."
Douglas,nhd-117819393,117819393,,39.4837,-105.0180,1.4,lake_pond,390,39004,perennial,unnamed,,,8106,INDIAN CREEK,13145,13427,5367,n/a (layer empty),PVT,unknown,MID,KEEP AT 2 HA,,"Unnamed, not displayed at 2 ha. Bucket rests on derived distance and land context only; no recreation or access is established. Authoritative page not researched."
Douglas,nhd-117819335,117819335,,39.4987,-105.0152,1.3,lake_pond,390,39004,perennial,unnamed,,,9366,INDIAN CREEK,14703,14981,5250,n/a (layer empty),PVT,unknown,MID,KEEP AT 2 HA,,"Unnamed, not displayed at 2 ha. Bucket rests on derived distance and land context only; no recreation or access is established. Authoritative page not researched."
Douglas,nhd-117819381,117819381,,39.4850,-105.0181,1.3,lake_pond,390,39004,perennial,unnamed,,,8179,INDIAN CREEK,13258,13539,5457,n/a (layer empty),PVT,unknown,MID,KEEP AT 2 HA,,"Unnamed, not displayed at 2 ha. Bucket rests on derived distance and land context only; no recreation or access is established. Authoritative page not researched."
Douglas,nhd-120655564,120655564,,39.3864,-104.7874,1.2,lake_pond,390,39004,perennial,unnamed,,,23744,TOMAHAWK,22991,23239,3494,n/a (layer empty),PVT,unknown,MID,KEEP AT 2 HA,,"Unnamed, not displayed at 2 ha. Bucket rests on derived distance and land context only; no recreation or access is established. Authoritative page not researched."
Douglas,nhd-120656384,120656384,,39.1863,-104.6895,1.2,lake_pond,390,39004,perennial,unnamed,,,30851,HANKHOS,26997,32116,6401,n/a (layer empty),PVT,unknown,MID,KEEP AT 2 HA,,"Unnamed, not displayed at 2 ha. Bucket rests on derived distance and land context only; no recreation or access is established. Authoritative page not researched."
Douglas,nhd-117792553,117792553,,39.3869,-104.8639,1.1,lake_pond,390,39004,perennial,unnamed,,,17202,RINGTAIL,17175,17489,9952,n/a (layer empty),PVT,unknown,MID,KEEP AT 2 HA,,"Unnamed, not displayed at 2 ha. Bucket rests on derived distance and land context only; no recreation or access is established. Authoritative page not researched."
Douglas,nhd-117793975,117793975,,39.2710,-104.8513,1.1,lake_pond,390,39004,perennial,unnamed,,,16623,BERGEN ROCK,15816,15963,10181,n/a (layer empty),PVT,unknown,MID,KEEP AT 2 HA,,"Unnamed, not displayed at 2 ha. Bucket rests on derived distance and land context only; no recreation or access is established. Authoritative page not researched."
Douglas,nhd-117819383,117819383,,39.4848,-105.0981,1.1,lake_pond,390,39004,perennial,unnamed,,,3860,COLORADO,11065,11100,712,n/a (layer empty),PVT,unknown,MID,KEEP AT 2 HA,,"Unnamed, not displayed at 2 ha. Bucket rests on derived distance and land context only; no recreation or access is established. Authoritative page not researched."
Douglas,nhd-117819391,117819391,,39.4838,-105.0727,1.1,lake_pond,390,39004,perennial,unnamed,,,5184,INDIAN CREEK,11460,11696,964,n/a (layer empty),PVT,unknown,MID,KEEP AT 2 HA,,"Unnamed, not displayed at 2 ha. Bucket rests on derived distance and land context only; no recreation or access is established. Authoritative page not researched."
Douglas,nhd-117819469,117819469,,39.4465,-105.0772,1.1,lake_pond,390,39004,perennial,unnamed,,,1561,INDIAN CREEK,7338,7583,820,n/a (layer empty),PVT,unknown,MID,KEEP AT 2 HA,,"Unnamed, not displayed at 2 ha. Bucket rests on derived distance and land context only; no recreation or access is established. Authoritative page not researched."
Douglas,nhd-120655832,120655832,,39.3271,-104.6983,1.1,lake_pond,390,39004,perennial,unnamed,,,29749,BERGEN ROCK,28847,28983,6618,n/a (layer empty),PVT,unknown,MID,KEEP AT 2 HA,,"Unnamed, not displayed at 2 ha. Bucket rests on derived distance and land context only; no recreation or access is established. Authoritative page not researched."
Douglas,nhd-120656283,120656283,,39.2234,-104.7643,1.1,lake_pond,390,39004,perennial,unnamed,,,24751,HANKHOS,21293,24616,1076,n/a (layer empty),PVT,unknown,MID,KEEP AT 2 HA,,"Unnamed, not displayed at 2 ha. Bucket rests on derived distance and land context only; no recreation or access is established. Authoritative page not researched."
Douglas,nhd-120656359,120656359,,39.1914,-104.7598,1.1,lake_pond,390,39004,perennial,unnamed,,,24804,HANKHOS,21122,26386,2946,n/a (layer empty),PVT,unknown,MID,KEEP AT 2 HA,,"Unnamed, not displayed at 2 ha. Bucket rests on derived distance and land context only; no recreation or access is established. Authoritative page not researched."
Douglas,nhd-3af3a63e-8a13-480a-8693-2e5569fee39e,3af3a63e-8a13-480a-8693-2e5569fee39e,,39.5476,-104.8530,1.1,lake_pond,390,39011,perennial,unnamed,,,23878,INDIAN CREEK,27857,28045,6516,n/a (layer empty),PVT,unknown,MID,KEEP AT 2 HA,,"Unnamed, not displayed at 2 ha. Bucket rests on derived distance and land context only; no recreation or access is established. Authoritative page not researched."
Douglas,nhd-117822705,117822705,,39.5654,-105.0281,1.0,lake_pond,390,39004,perennial,unnamed,,,14606,COLORADO,21132,21384,750,n/a (layer empty),PVT,unknown,MID,KEEP AT 2 HA,,"Unnamed, not displayed at 2 ha. Bucket rests on derived distance and land context only; no recreation or access is established. Authoritative page not researched."
Douglas,nhd-120655011,120655011,,39.5141,-104.7974,1.0,lake_pond,390,39004,perennial,unnamed,,,26540,RINGTAIL,29518,29621,3255,n/a (layer empty),PVT,unknown,MID,KEEP AT 2 HA,,"Unnamed, not displayed at 2 ha. Bucket rests on derived distance and land context only; no recreation or access is established. Authoritative page not researched."
Douglas,nhd-120656220,120656220,,39.2543,-104.6719,1.0,lake_pond,390,39004,perennial,unnamed,,,32172,BERGEN ROCK,29874,31497,7770,n/a (layer empty),PVT,unknown,MID,KEEP AT 2 HA,,"Unnamed, not displayed at 2 ha. Bucket rests on derived distance and land context only; no recreation or access is established. Authoritative page not researched."
Douglas,nhd-117792393,117792393,,39.3842,-104.8644,0.9,lake_pond,390,39004,perennial,unnamed,,,17168,RINGTAIL,16975,17284,9965,n/a (layer empty),PVT,unknown,MID,KEEP AT 2 HA,,"Unnamed, not displayed at 2 ha. Bucket rests on derived distance and land context only; no recreation or access is established. Authoritative page not researched."
Douglas,nhd-117800473,117800473,,39.2630,-104.8916,0.9,lake_pond,390,39004,perennial,unnamed,,,13426,BERGEN ROCK,12674,12823,7972,n/a (layer empty),PVT,unknown,MID,KEEP AT 2 HA,,"Unnamed, not displayed at 2 ha. Bucket rests on derived distance and land context only; no recreation or access is established. Authoritative page not researched."
Douglas,nhd-117805241,117805241,,39.2842,-105.0047,0.9,lake_pond,390,39004,perennial,unnamed,,,3447,BERGEN ROCK,2816,2962,2921,n/a (layer empty),PVT,unknown,MID,KEEP AT 2 HA,,"Unnamed, not displayed at 2 ha. Bucket rests on derived distance and land context only; no recreation or access is established. Authoritative page not researched."
Douglas,nhd-117819377,117819377,,39.4861,-105.0127,0.9,lake_pond,390,39004,perennial,unnamed,,,8625,INDIAN CREEK,13603,13887,5872,n/a (layer empty),PVT,unknown,MID,KEEP AT 2 HA,,"Unnamed, not displayed at 2 ha. Bucket rests on derived distance and land context only; no recreation or access is established. Authoritative page not researched."
Douglas,nhd-117844323,117844323,,39.2312,-105.2251,0.9,lake_pond,390,39004,perennial,unnamed,,,5134,TURTLE MOUNTAIN,4063,8837,4837,n/a (layer empty),PVT,unknown,MID,KEEP AT 2 HA,,"Unnamed, not displayed at 2 ha. Bucket rests on derived distance and land context only; no recreation or access is established. Authoritative page not researched."
Douglas,nhd-120654851,120654851,,39.5581,-104.7844,0.9,lake_pond,390,39004,perennial,unnamed,,,29622,INDIAN CREEK,33201,33340,8063,n/a (layer empty),PVT,unknown,MID,KEEP AT 2 HA,,"Unnamed, not displayed at 2 ha. Bucket rests on derived distance and land context only; no recreation or access is established. Authoritative page not researched."
Douglas,nhd-120655214,120655214,,39.4613,-104.7670,0.9,lake_pond,390,39004,perennial,unnamed,,,26622,RINGTAIL,28726,29071,2127,n/a (layer empty),PVT,unknown,MID,KEEP AT 2 HA,,"Unnamed, not displayed at 2 ha. Bucket rests on derived distance and land context only; no recreation or access is established. Authoritative page not researched."
Douglas,nhd-120655215,120655215,,39.4613,-104.7662,0.9,lake_pond,390,39004,perennial,unnamed,,,26690,RINGTAIL,28784,29128,2067,n/a (layer empty),PVT,unknown,MID,KEEP AT 2 HA,,"Unnamed, not displayed at 2 ha. Bucket rests on derived distance and land context only; no recreation or access is established. Authoritative page not researched."
Douglas,nhd-120655711,120655711,,39.3574,-104.7266,0.9,lake_pond,390,39004,perennial,unnamed,,,27948,BERGEN ROCK,26993,27155,2495,n/a (layer empty),PVT,unknown,MID,KEEP AT 2 HA,,"Unnamed, not displayed at 2 ha. Bucket rests on derived distance and land context only; no recreation or access is established. Authoritative page not researched."
Douglas,nhd-117790081,117790081,,39.3079,-105.0004,0.8,lake_pond,390,39004,perennial,unnamed,,,3766,BERGEN ROCK,2795,2963,5227,n/a (layer empty),PVT,unknown,MID,KEEP AT 2 HA,,"Unnamed, not displayed at 2 ha. Bucket rests on derived distance and land context only; no recreation or access is established. Authoritative page not researched."
Douglas,nhd-117792381,117792381,,39.3872,-104.8629,0.8,lake_pond,390,39004,perennial,unnamed,,,17288,RINGTAIL,17265,17579,9870,n/a (layer empty),PVT,unknown,MID,KEEP AT 2 HA,,"Unnamed, not displayed at 2 ha. Bucket rests on derived distance and land context only; no recreation or access is established. Authoritative page not researched."
Douglas,nhd-117793689,117793689,,39.3195,-104.8233,0.8,lake_pond,390,39004,perennial,unnamed,,,18971,BERGEN ROCK,18065,18200,8788,n/a (layer empty),PVT,unknown,MID,KEEP AT 2 HA,,"Unnamed, not displayed at 2 ha. Bucket rests on derived distance and land context only; no recreation or access is established. Authoritative page not researched."
Douglas,nhd-117797755,117797755,,39.1593,-105.1184,0.8,lake_pond,390,39004,perennial,unnamed,,,1114,QUARRY TRAIL,164,2869,3818,n/a (layer empty),PVT,unknown,MID,KEEP AT 2 HA,,"Unnamed, not displayed at 2 ha. Bucket rests on derived distance and land context only; no recreation or access is established. Authoritative page not researched."
Douglas,nhd-117819333,117819333,,39.4987,-105.0163,0.8,lake_pond,390,39004,perennial,unnamed,,,9296,INDIAN CREEK,14653,14931,5213,n/a (layer empty),PVT,unknown,MID,KEEP AT 2 HA,,"Unnamed, not displayed at 2 ha. Bucket rests on derived distance and land context only; no recreation or access is established. Authoritative page not researched."
Douglas,nhd-120654859,120654859,,39.5548,-104.8211,0.8,lake_pond,390,39004,perennial,unnamed,,,26658,INDIAN CREEK,30469,30636,6974,n/a (layer empty),PVT,unknown,MID,KEEP AT 2 HA,,"Unnamed, not displayed at 2 ha. Bucket rests on derived distance and land context only; no recreation or access is established. Authoritative page not researched."
Douglas,nhd-120654898,120654898,,39.5481,-104.7696,0.8,lake_pond,390,39004,perennial,unnamed,,,30304,INDIAN CREEK,33622,33735,7651,n/a (layer empty),PVT,unknown,MID,KEEP AT 2 HA,,"Unnamed, not displayed at 2 ha. Bucket rests on derived distance and land context only; no recreation or access is established. Authoritative page not researched."
Douglas,nhd-120655842,120655842,,39.3250,-104.6990,0.8,lake_pond,390,39004,perennial,unnamed,,,29663,BERGEN ROCK,28762,28899,6759,n/a (layer empty),PVT,unknown,MID,KEEP AT 2 HA,,"Unnamed, not displayed at 2 ha. Bucket rests on derived distance and land context only; no recreation or access is established. Authoritative page not researched."
Douglas,nhd-72b37623-5e83-4f66-8bc5-eec35211e2dc,72b37623-5e83-4f66-8bc5-eec35211e2dc,,39.5450,-104.8607,0.8,lake_pond,390,39011,perennial,unnamed,,,23157,INDIAN CREEK,27166,27359,6490,n/a (layer empty),PVT,unknown,MID,KEEP AT 2 HA,,"Unnamed, not displayed at 2 ha. Bucket rests on derived distance and land context only; no recreation or access is established. Authoritative page not researched."
Douglas,nhd-117800275,117800275,,39.3248,-104.8905,0.7,lake_pond,390,39004,perennial,unnamed,,,13387,BERGEN ROCK,12445,12596,10683,n/a (layer empty),PVT,unknown,MID,KEEP AT 2 HA,,"Unnamed, not displayed at 2 ha. Bucket rests on derived distance and land context only; no recreation or access is established. Authoritative page not researched."
Douglas,nhd-117800403,117800403,,39.2815,-104.9755,0.7,lake_pond,390,39004,perennial,unnamed,,,5922,BERGEN ROCK,5187,5336,2290,n/a (layer empty),PVT,unknown,MID,KEEP AT 2 HA,,"Unnamed, not displayed at 2 ha. Bucket rests on derived distance and land context only; no recreation or access is established. Authoritative page not researched."
Douglas,nhd-117819343,117819343,,39.4969,-105.0153,0.7,lake_pond,390,39004,perennial,unnamed,,,9224,INDIAN CREEK,14524,14802,5427,n/a (layer empty),PVT,unknown,MID,KEEP AT 2 HA,,"Unnamed, not displayed at 2 ha. Bucket rests on derived distance and land context only; no recreation or access is established. Authoritative page not researched."
Douglas,nhd-117822897,117822897,,39.5629,-105.0308,0.7,lake_pond,390,39004,perennial,unnamed,,,14245,COLORADO,20801,21051,631,n/a (layer empty),PVT,unknown,MID,KEEP AT 2 HA,,"Unnamed, not displayed at 2 ha. Bucket rests on derived distance and land context only; no recreation or access is established. Authoritative page not researched."
Douglas,nhd-117837081,117837081,,39.4157,-104.8765,0.7,lake_pond,390,39004,perennial,unnamed,,,16295,RINGTAIL,18252,18477,8025,n/a (layer empty),PVT,unknown,MID,KEEP AT 2 HA,,"Unnamed, not displayed at 2 ha. Bucket rests on derived distance and land context only; no recreation or access is established. Authoritative page not researched."
Douglas,nhd-120655811,120655811,,39.3344,-104.7113,0.7,lake_pond,390,39004,perennial,unnamed,,,28749,BERGEN ROCK,27840,27975,5296,n/a (layer empty),PVT,unknown,MID,KEEP AT 2 HA,,"Unnamed, not displayed at 2 ha. Bucket rests on derived distance and land context only; no recreation or access is established. Authoritative page not researched."
Douglas,nhd-120655926,120655926,,39.3119,-104.6773,0.7,lake_pond,390,39004,perennial,unnamed,,,31413,BERGEN ROCK,30524,30664,9074,n/a (layer empty),PVT,unknown,MID,KEEP AT 2 HA,,"Unnamed, not displayed at 2 ha. Bucket rests on derived distance and land context only; no recreation or access is established. Authoritative page not researched."
Douglas,nhd-120655960,120655960,,39.3061,-104.6864,0.7,lake_pond,390,39004,perennial,unnamed,,,30605,BERGEN ROCK,29721,29861,9084,n/a (layer empty),PVT,unknown,MID,KEEP AT 2 HA,,"Unnamed, not displayed at 2 ha. Bucket rests on derived distance and land context only; no recreation or access is established. Authoritative page not researched."
Douglas,nhd-54f44599-b41b-477b-b111-d028ad2bddf8,54f44599-b41b-477b-b111-d028ad2bddf8,,39.5373,-104.8634,0.7,lake_pond,390,39011,perennial,unnamed,,,22533,INDIAN CREEK,26428,26611,5802,n/a (layer empty),PVT,unknown,MID,KEEP AT 2 HA,,"Unnamed, not displayed at 2 ha. Bucket rests on derived distance and land context only; no recreation or access is established. Authoritative page not researched."
Douglas,nhd-117800221,117800221,,39.3441,-104.9645,0.6,lake_pond,390,39004,perennial,unnamed,,,7904,TOMAHAWK,7346,7697,9232,n/a (layer empty),PVT,unknown,MID,KEEP AT 2 HA,,"Unnamed, not displayed at 2 ha. Bucket rests on derived distance and land context only; no recreation or access is established. Authoritative page not researched."
Douglas,nhd-117800405,117800405,,39.2809,-104.9869,0.6,lake_pond,390,39004,perennial,unnamed,,,5007,BERGEN ROCK,4320,4468,2090,n/a (layer empty),PVT,unknown,MID,KEEP AT 2 HA,,"Unnamed, not displayed at 2 ha. Bucket rests on derived distance and land context only; no recreation or access is established. Authoritative page not researched."
Douglas,nhd-117800433,117800433,,39.2730,-104.9781,0.6,lake_pond,390,39004,perennial,unnamed,,,6047,BERGEN ROCK,5414,5561,1337,n/a (layer empty),PVT,unknown,MID,KEEP AT 2 HA,,"Unnamed, not displayed at 2 ha. Bucket rests on derived distance and land context only; no recreation or access is established. Authoritative page not researched."
Douglas,nhd-117800437,117800437,,39.2728,-104.9849,0.6,lake_pond,390,39004,perennial,unnamed,,,5532,BERGEN ROCK,4938,5083,1187,n/a (layer empty),PVT,unknown,MID,KEEP AT 2 HA,,"Unnamed, not displayed at 2 ha. Bucket rests on derived distance and land context only; no recreation or access is established. Authoritative page not researched."
Douglas,nhd-117800457,117800457,,39.2690,-104.9793,0.6,lake_pond,390,39004,perennial,unnamed,,,6161,BERGEN ROCK,5580,5725,898,n/a (layer empty),PVT,unknown,MID,KEEP AT 2 HA,,"Unnamed, not displayed at 2 ha. Bucket rests on derived distance and land context only; no recreation or access is established. Authoritative page not researched."
Douglas,nhd-117800461,117800461,,39.2681,-104.9793,0.6,lake_pond,390,39004,perennial,unnamed,,,6203,BERGEN ROCK,5631,5776,815,n/a (layer empty),PVT,unknown,MID,KEEP AT 2 HA,,"Unnamed, not displayed at 2 ha. Bucket rests on derived distance and land context only; no recreation or access is established. Authoritative page not researched."
Douglas,nhd-117800495,117800495,,39.2562,-104.9764,0.6,lake_pond,390,39004,perennial,unnamed,,,6983,BERGEN ROCK,6668,6823,761,n/a (layer empty),PVT,unknown,MID,KEEP AT 2 HA,,"Unnamed, not displayed at 2 ha. Bucket rests on derived distance and land context only; no recreation or access is established. Authoritative page not researched."
Douglas,nhd-120654897,120654897,,39.5525,-104.7070,0.6,lake_pond,390,39004,perennial,unnamed,,,35407,RINGTAIL,38350,38448,8550,n/a (layer empty),PVT,unknown,MID,KEEP AT 2 HA,,"Unnamed, not displayed at 2 ha. Bucket rests on derived distance and land context only; no recreation or access is established. Authoritative page not researched."
Douglas,nhd-120654982,120654982,,39.5217,-104.7955,0.6,lake_pond,390,39004,perennial,unnamed,,,27116,RINGTAIL,30140,30247,4044,n/a (layer empty),PVT,unknown,MID,KEEP AT 2 HA,,"Unnamed, not displayed at 2 ha. Bucket rests on derived distance and land context only; no recreation or access is established. Authoritative page not researched."
Douglas,nhd-120655501,120655501,,39.4000,-104.7654,0.6,lake_pond,390,39004,perennial,unnamed,,,25677,RINGTAIL,25329,25587,3009,n/a (layer empty),PVT,unknown,MID,KEEP AT 2 HA,,"Unnamed, not displayed at 2 ha. Bucket rests on derived distance and land context only; no recreation or access is established. Authoritative page not researched."
Douglas,nhd-120655654,120655654,,39.3696,-104.7760,0.6,lake_pond,390,39004,perennial,unnamed,,,24259,BERGEN ROCK,23247,23455,2364,n/a (layer empty),PVT,unknown,MID,KEEP AT 2 HA,,"Unnamed, not displayed at 2 ha. Bucket rests on derived distance and land context only; no recreation or access is established. Authoritative page not researched."
Douglas,nhd-120655664,120655664,,39.3698,-104.7370,0.6,lake_pond,390,39004,perennial,unnamed,,,27456,BERGEN ROCK,26466,26656,972,n/a (layer empty),PVT,unknown,MID,KEEP AT 2 HA,,"Unnamed, not displayed at 2 ha. Bucket rests on derived distance and land context only; no recreation or access is established. Authoritative page not researched."
Douglas,nhd-117790033,117790033,,39.3374,-104.9095,0.5,lake_pond,390,39004,perennial,unnamed,,,12240,BERGEN ROCK,11213,11434,10552,n/a (layer empty),PVT,unknown,MID,KEEP AT 2 HA,,"Unnamed, not displayed at 2 ha. Bucket rests on derived distance and land context only; no recreation or access is established. Authoritative page not researched."
Douglas,nhd-117793967,117793967,,39.2729,-104.8632,0.5,lake_pond,390,39004,perennial,unnamed,,,15575,BERGEN ROCK,14767,14914,10502,n/a (layer empty),PVT,unknown,MID,KEEP AT 2 HA,,"Unnamed, not displayed at 2 ha. Bucket rests on derived distance and land context only; no recreation or access is established. Authoritative page not researched."
Douglas,nhd-117794041,117794041,,39.2618,-104.8642,0.5,lake_pond,390,39004,perennial,unnamed,,,15743,BERGEN ROCK,14972,15121,10334,n/a (layer empty),PVT,unknown,MID,KEEP AT 2 HA,,"Unnamed, not displayed at 2 ha. Bucket rests on derived distance and land context only; no recreation or access is established. Authoritative page not researched."
Douglas,nhd-117800115,117800115,,39.3671,-104.9901,0.5,lake_pond,390,39004,perennial,unnamed,,,6537,TOMAHAWK,7402,7680,9401,n/a (layer empty),PVT,unknown,MID,KEEP AT 2 HA,,"Unnamed, not displayed at 2 ha. Bucket rests on derived distance and land context only; no recreation or access is established. Authoritative page not researched."
Douglas,nhd-117800225,117800225,,39.3426,-104.9841,0.5,lake_pond,390,39004,perennial,unnamed,,,6205,TOMAHAWK,5971,6373,8908,n/a (layer empty),PVT,unknown,MID,KEEP AT 2 HA,,"Unnamed, not displayed at 2 ha. Bucket rests on derived distance and land context only; no recreation or access is established. Authoritative page not researched."
Douglas,nhd-117800237,117800237,,39.3393,-104.9384,0.5,lake_pond,390,39004,perennial,unnamed,,,10076,BERGEN ROCK,8998,9271,9429,n/a (layer empty),PVT,unknown,MID,KEEP AT 2 HA,,"Unnamed, not displayed at 2 ha. Bucket rests on derived distance and land context only; no recreation or access is established. Authoritative page not researched."
Douglas,nhd-117800377,117800377,,39.2881,-104.9572,0.5,lake_pond,390,39004,perennial,unnamed,,,7323,BERGEN ROCK,6503,6650,3732,n/a (layer empty),PVT,unknown,MID,KEEP AT 2 HA,,"Unnamed, not displayed at 2 ha. Bucket rests on derived distance and land context only; no recreation or access is established. Authoritative page not researched."
Douglas,nhd-117800467,117800467,,39.2635,-104.8770,0.5,lake_pond,390,39004,perennial,unnamed,,,14623,BERGEN ROCK,13856,14004,9230,n/a (layer empty),PVT,unknown,MID,KEEP AT 2 HA,,"Unnamed, not displayed at 2 ha. Bucket rests on derived distance and land context only; no recreation or access is established. Authoritative page not researched."
Douglas,nhd-117813635,117813635,,39.2295,-104.8528,0.5,lake_pond,390,39004,perennial,unnamed,,,17456,HANKHOS,14256,17334,8701,n/a (layer empty),PVT,unknown,MID,KEEP AT 2 HA,,"Unnamed, not displayed at 2 ha. Bucket rests on derived distance and land context only; no recreation or access is established. Authoritative page not researched."
Douglas,nhd-117816313,117816313,,39.5459,-104.9216,0.5,lake_pond,390,39004,perennial,unnamed,,,18871,INDIAN CREEK,23576,23845,7141,n/a (layer empty),PVT,unknown,MID,KEEP AT 2 HA,,"Unnamed, not displayed at 2 ha. Bucket rests on derived distance and land context only; no recreation or access is established. Authoritative page not researched."
Douglas,nhd-117819417,117819417,,39.4703,-105.0750,0.5,lake_pond,390,39004,perennial,unnamed,,,3728,INDIAN CREEK,9957,10194,2014,n/a (layer empty),PVT,unknown,MID,KEEP AT 2 HA,,"Unnamed, not displayed at 2 ha. Bucket rests on derived distance and land context only; no recreation or access is established. Authoritative page not researched."
Douglas,nhd-117822707,117822707,,39.5648,-105.0117,0.5,lake_pond,390,39004,perennial,unnamed,,,15420,COLORADO,21510,21771,66,n/a (layer empty),PVT,unknown,MID,KEEP AT 2 HA,,"Unnamed, not displayed at 2 ha. Bucket rests on derived distance and land context only; no recreation or access is established. Authoritative page not researched."
Douglas,nhd-117822907,117822907,,39.5612,-105.0291,0.5,lake_pond,390,39004,perennial,unnamed,,,14179,COLORADO,20662,20914,860,n/a (layer empty),PVT,unknown,MID,KEEP AT 2 HA,,"Unnamed, not displayed at 2 ha. Bucket rests on derived distance and land context only; no recreation or access is established. Authoritative page not researched."
Douglas,nhd-117822917,117822917,,39.5289,-105.0756,0.5,lake_pond,390,39004,perennial,unnamed,,,9002,COLORADO,16248,16291,118,n/a (layer empty),OTHFE,unknown,MID,POSSIBLE LOSS,public land (OTHFE),"Unnamed, not displayed at 2 ha. Bucket rests on derived distance and land context only; no recreation or access is established. Authoritative page not researched."
Douglas,nhd-117837085,117837085,,39.4145,-104.8765,0.5,lake_pond,390,39004,perennial,unnamed,,,16277,RINGTAIL,18163,18435,8143,n/a (layer empty),PVT,unknown,MID,KEEP AT 2 HA,,"Unnamed, not displayed at 2 ha. Bucket rests on derived distance and land context only; no recreation or access is established. Authoritative page not researched."
Douglas,nhd-117844325,117844325,,39.2201,-105.1647,0.5,lake_pond,390,39004,perennial,unnamed,,,1952,TURTLE MOUNTAIN,329,5858,8258,n/a (layer empty),PVT,unknown,MID,KEEP AT 2 HA,,"Unnamed, not displayed at 2 ha. Bucket rests on derived distance and land context only; no recreation or access is established. Authoritative page not researched."
Douglas,nhd-117844333,117844333,,39.1944,-105.2304,0.5,lake_pond,390,39004,perennial,unnamed,,,7346,TURTLE MOUNTAIN,1700,8315,3717,n/a (layer empty),PVT,unknown,MID,KEEP AT 2 HA,,"Unnamed, not displayed at 2 ha. Bucket rests on derived distance and land context only; no recreation or access is established. Authoritative page not researched."
Douglas,nhd-120654831,120654831,,39.5631,-104.8371,0.5,lake_pond,390,39004,perennial,unnamed,,,25933,INDIAN CREEK,30018,30212,7905,n/a (layer empty),PVT,unknown,MID,KEEP AT 2 HA,,"Unnamed, not displayed at 2 ha. Bucket rests on derived distance and land context only; no recreation or access is established. Authoritative page not researched."
Douglas,nhd-120654920,120654920,,39.5408,-104.8023,0.5,lake_pond,390,39004,perennial,unnamed,,,27405,INDIAN CREEK,30837,30965,5734,n/a (layer empty),PVT,unknown,MID,KEEP AT 2 HA,,"Unnamed, not displayed at 2 ha. Bucket rests on derived distance and land context only; no recreation or access is established. Authoritative page not researched."
Douglas,nhd-120654922,120654922,,39.5386,-104.8252,0.5,lake_pond,390,39004,perennial,unnamed,,,25515,INDIAN CREEK,29089,29235,5153,n/a (layer empty),PVT,unknown,MID,KEEP AT 2 HA,,"Unnamed, not displayed at 2 ha. Bucket rests on derived distance and land context only; no recreation or access is established. Authoritative page not researched."
Douglas,nhd-120654944,120654944,,39.5340,-104.8190,0.5,lake_pond,390,39004,perennial,unnamed,,,25787,INDIAN CREEK,29229,29361,4706,n/a (layer empty),PVT,unknown,MID,KEEP AT 2 HA,,"Unnamed, not displayed at 2 ha. Bucket rests on derived distance and land context only; no recreation or access is established. Authoritative page not researched."
Douglas,nhd-120655150,120655150,,39.4693,-104.8024,0.5,lake_pond,390,39004,perennial,unnamed,,,24013,RINGTAIL,26619,26693,2317,n/a (layer empty),PVT,unknown,MID,KEEP AT 2 HA,,"Unnamed, not displayed at 2 ha. Bucket rests on derived distance and land context only; no recreation or access is established. Authoritative page not researched."
Douglas,nhd-120655652,120655652,,39.3678,-104.8001,0.5,lake_pond,390,39004,perennial,unnamed,,,22241,BERGEN ROCK,21218,21436,4441,n/a (layer empty),PVT,unknown,MID,KEEP AT 2 HA,,"Unnamed, not displayed at 2 ha. Bucket rests on derived distance and land context only; no recreation or access is established. Authoritative page not researched."
Douglas,nhd-120655680,120655680,,39.3610,-104.8046,0.5,lake_pond,390,39004,perennial,unnamed,,,21616,BERGEN ROCK,20607,20813,4994,n/a (layer empty),PVT,unknown,MID,KEEP AT 2 HA,,"Unnamed, not displayed at 2 ha. Bucket rests on derived distance and land context only; no recreation or access is established. Authoritative page not researched."
Douglas,nhd-120655684,120655684,,39.3644,-104.7404,0.5,lake_pond,390,39004,perennial,unnamed,,,27001,BERGEN ROCK,26022,26203,1140,n/a (layer empty),PVT,unknown,MID,KEEP AT 2 HA,,"Unnamed, not displayed at 2 ha. Bucket rests on derived distance and land context only; no recreation or access is established. Authoritative page not researched."
Douglas,nhd-120655776,120655776,,39.3426,-104.7721,0.5,lake_pond,390,39004,perennial,unnamed,,,23762,BERGEN ROCK,22826,22973,3973,n/a (layer empty),PVT,unknown,MID,KEEP AT 2 HA,,"Unnamed, not displayed at 2 ha. Bucket rests on derived distance and land context only; no recreation or access is established. Authoritative page not researched."
Douglas,nhd-120655867,120655867,,39.3219,-104.6813,0.5,lake_pond,390,39004,perennial,unnamed,,,31147,BERGEN ROCK,30249,30387,8025,n/a (layer empty),PVT,unknown,MID,KEEP AT 2 HA,,"Unnamed, not displayed at 2 ha. Bucket rests on derived distance and land context only; no recreation or access is established. Authoritative page not researched."
Douglas,nhd-120655882,120655882,,39.3140,-104.7549,0.5,lake_pond,390,39004,perennial,unnamed,,,24759,BERGEN ROCK,23864,24003,6564,n/a (layer empty),PVT,unknown,MID,KEEP AT 2 HA,,"Unnamed, not displayed at 2 ha. Bucket rests on derived distance and land context only; no recreation or access is established. Authoritative page not researched."
Douglas,nhd-120655932,120655932,,39.3091,-104.7016,0.5,lake_pond,390,39004,perennial,unnamed,,,29303,BERGEN ROCK,28415,28555,8105,n/a (layer empty),PVT,unknown,MID,KEEP AT 2 HA,,"Unnamed, not displayed at 2 ha. Bucket rests on derived distance and land context only; no recreation or access is established. Authoritative page not researched."
Douglas,nhd-120656028,120656028,,39.2934,-104.6779,0.5,lake_pond,390,39004,perennial,unnamed,,,31312,BERGEN ROCK,30442,30584,10247,n/a (layer empty),PVT,unknown,MID,KEEP AT 2 HA,,"Unnamed, not displayed at 2 ha. Bucket rests on derived distance and land context only; no recreation or access is established. Authoritative page not researched."
Douglas,nhd-120656208,120656208,,39.2531,-104.7305,0.5,lake_pond,390,39004,perennial,unnamed,,,27205,BERGEN ROCK,25022,26546,4041,n/a (layer empty),PVT,unknown,MID,KEEP AT 2 HA,,"Unnamed, not displayed at 2 ha. Bucket rests on derived distance and land context only; no recreation or access is established. Authoritative page not researched."
Douglas,nhd-120656335,120656335,,39.1995,-104.7947,0.5,lake_pond,390,39004,perennial,unnamed,,,21844,HANKHOS,18238,23308,4137,n/a (layer empty),PVT,unknown,MID,KEEP AT 2 HA,,"Unnamed, not displayed at 2 ha. Bucket rests on derived distance and land context only; no recreation or access is established. Authoritative page not researched."
Douglas,nhd-120656489,120656489,West Cherry Creek Detention Number 7 Reservoir,39.1409,-104.7719,1.8,lake_pond,390,39004,perennial,named,,,23782,FERN SOUTH,19695,28509,,n/a (layer empty),PVT,unknown,NAMED_UNAFFECTED,NAMED_UNAFFECTED,,Named: already displayed at any area; the threshold does not affect it. No bucket assigned. A name is not evidence of use or access. Authoritative page not researched.
Douglas,nhd-120655126,120655126,Franktown Parker FPS-1 Reservoir,39.4810,-104.7464,0.7,lake_pond,390,39004,perennial,named,,,28989,RINGTAIL,31469,31598,,n/a (layer empty),PVT,unknown,NAMED_UNAFFECTED,NAMED_UNAFFECTED,,Named: already displayed at any area; the threshold does not affect it. No bucket assigned. A name is not evidence of use or access. Authoritative page not researched.
Douglas,nhd-117822925,117822925,,39.5045,-105.0809,18.2,lake_pond,390,39004,perennial,unnamed,,,6488,COLORADO,13626,13734,1369,n/a (layer empty),OTHFE,unknown,COMPARISON_GE2HA,COMPARISON_GE2HA,,Unnamed and already displayed at the 2 ha provisional threshold (comparison only). Authoritative page not researched.
Douglas,nhd-13e573b1-c56c-49c5-9298-be551598d368,13e573b1-c56c-49c5-9298-be551598d368,,39.5384,-104.8493,8.7,lake_pond,390,39011,perennial,unnamed,,,23657,INDIAN CREEK,27439,27609,5449,n/a (layer empty),PVT,unknown,COMPARISON_GE2HA,COMPARISON_GE2HA,,Unnamed and already displayed at the 2 ha provisional threshold (comparison only). Authoritative page not researched.
Douglas,nhd-120656304,120656304,,39.2118,-104.7781,8.4,lake_pond,390,39004,perennial,unnamed,,,23395,HANKHOS,19865,23993,2287,n/a (layer empty),PVT,unknown,COMPARISON_GE2HA,COMPARISON_GE2HA,,Unnamed and already displayed at the 2 ha provisional threshold (comparison only). Authoritative page not researched.
Douglas,nhd-117797753,117797753,,39.1632,-105.1197,8.3,lake_pond,390,39004,perennial,unnamed,,,1528,QUARRY TRAIL,527,3313,3907,n/a (layer empty),PVT,unknown,COMPARISON_GE2HA,COMPARISON_GE2HA,,Unnamed and already displayed at the 2 ha provisional threshold (comparison only). Authoritative page not researched.
Douglas,nhd-d55467f0-7114-4faf-a083-e3aff252fd30,d55467f0-7114-4faf-a083-e3aff252fd30,,39.5151,-104.7766,5.4,lake_pond,390,39011,perennial,unnamed,,,28153,RINGTAIL,31066,31163,4539,n/a (layer empty),PVT,unknown,COMPARISON_GE2HA,COMPARISON_GE2HA,,Unnamed and already displayed at the 2 ha provisional threshold (comparison only). Authoritative page not researched.
Douglas,nhd-117822921,117822921,,39.5098,-105.0777,4.8,lake_pond,390,39004,perennial,unnamed,,,7122,COLORADO,14236,14376,1770,n/a (layer empty),OTHFE,unknown,COMPARISON_GE2HA,COMPARISON_GE2HA,,Unnamed and already displayed at the 2 ha provisional threshold (comparison only). Authoritative page not researched.
Douglas,nhd-117822915,117822915,,39.5469,-105.0428,2.9,lake_pond,390,39004,perennial,unnamed,,,12209,COLORADO,18828,19075,329,n/a (layer empty),PVT,unknown,COMPARISON_GE2HA,COMPARISON_GE2HA,,Unnamed and already displayed at the 2 ha provisional threshold (comparison only). Authoritative page not researched.
Douglas,nhd-117822709,117822709,,39.5646,-105.0495,2.8,lake_pond,390,39004,perennial,unnamed,,,13542,COLORADO,20611,20830,990,n/a (layer empty),OTHFE,unknown,COMPARISON_GE2HA,COMPARISON_GE2HA,,Unnamed and already displayed at the 2 ha provisional threshold (comparison only). Authoritative page not researched.
Douglas,nhd-120655532,120655532,,39.3989,-104.6955,2.7,lake_pond,390,39009,perennial,unnamed,1941.6,,31692,RINGTAIL,30858,31078,5184,n/a (layer empty),PVT,unknown,COMPARISON_GE2HA,COMPARISON_GE2HA,,Unnamed and already displayed at the 2 ha provisional threshold (comparison only). Authoritative page not researched.
Douglas,nhd-34ab3d08-b638-4011-9e3d-167cd78fd4b5,34ab3d08-b638-4011-9e3d-167cd78fd4b5,,39.5465,-104.8054,2.7,lake_pond,390,39011,perennial,unnamed,,,27436,INDIAN CREEK,30987,31127,6283,n/a (layer empty),PVT,unknown,COMPARISON_GE2HA,COMPARISON_GE2HA,,Unnamed and already displayed at the 2 ha provisional threshold (comparison only). Authoritative page not researched.
Douglas,nhd-117821223,117821223,,39.2284,-104.9697,2.4,lake_pond,390,39004,perennial,unnamed,,,7816,WATSON PARK,6235,9561,3466,n/a (layer empty),PVT,unknown,COMPARISON_GE2HA,COMPARISON_GE2HA,,Unnamed and already displayed at the 2 ha provisional threshold (comparison only). Authoritative page not researched.
Douglas,nhd-117792557,117792557,,39.3849,-104.8654,2.3,lake_pond,390,39004,perennial,unnamed,,,17080,RINGTAIL,16945,17256,10057,n/a (layer empty),PVT,unknown,COMPARISON_GE2HA,COMPARISON_GE2HA,,Unnamed and already displayed at the 2 ha provisional threshold (comparison only). Authoritative page not researched.
Douglas,nhd-117819415,117819415,,39.4721,-105.0685,2.2,lake_pond,390,39004,perennial,unnamed,,,4167,INDIAN CREEK,10270,10516,2100,n/a (layer empty),PVT,unknown,COMPARISON_GE2HA,COMPARISON_GE2HA,,Unnamed and already displayed at the 2 ha provisional threshold (comparison only). Authoritative page not researched.
Douglas,nhd-120655625,120655625,,39.3747,-104.7932,2.1,lake_pond,390,39004,perennial,unnamed,,,22988,TOMAHAWK,22037,22266,3783,n/a (layer empty),PVT,unknown,COMPARISON_GE2HA,COMPARISON_GE2HA,,Unnamed and already displayed at the 2 ha provisional threshold (comparison only). Authoritative page not researched.
